Temperature,Humidity,Soil Moisture,Rain,Stress
17.29,56.94,928.28,1,0
23.75,96.94,532.63,0,0
24.09,20.11,597.67,1,0
43.76,36.3,618.66,1,1
13.69,64.31,610.38,1,1
12.75,48.51,798.12,1,1
37.72,52.18,539.96,0,1
29.9,66.1,569,1,1
32.8,40.72,255.81,1,1
34.92,50.8,521.84,1,1
36.35,84.89,226.26,0,1
30.8,81.7,379,1,1
32.5,57.5,590,0,1
30.8,66,328,1,0
22.72,60.11,234.72,0,0
39.76,37.03,735,1,1
28.98,62.2,312.9,1,0
31.12,72.76,750.44,0,0
15.81,79.67,502.62,1,1
25.56,66.12,986.67,1,0
16.11,35.89,424.57,1,1
17.22,90.12,326.63,0,1
31.6,66.5,317,0,1
12.7,33.59,301.56,1,1
40.34,61.54,994.58,0,0
34.2,87.3,547,0,1
19.17,47.44,528.56,0,0
27.26,20.32,600.93,0,0
34.89,43.65,664.84,0,1
27.8,68,405,1,0
31.7,26.62,859.18,1,0
43.11,39.58,305.25,0,1
22.91,81.58,848.75,0,0
29.5,66.8,323,1,0
35.15,61.86,236.09,0,1
15.58,23.53,515.19,0,1
44.82,33.91,516.99,1,1
15.37,93.18,251.52,1,1
30.53,86.28,264.15,0,0
32.42,45.13,966.38,1,0
25.57,73.48,703.94,1,0
14.6,89.44,970.59,1,0
35.38,45.84,997.66,1,0
25.48,23.69,635.1,0,0
17.94,94.52,926.73,0,0
17.86,34.4,270.84,0,1
15.6,82.99,987.33,1,0
33.5,80.4,405,1,1
30.48,55.43,227.34,1,1
28.7,68.5,383,0,0
23.1,38.51,787.88,0,0
12.41,24.56,425.75,1,1
21.13,93.97,244.98,1,1
44.32,37.18,253.79,1,1
20.99,91.07,682.35,1,0
35.98,33.43,296.29,1,1
33.81,86.04,317.29,0,1
35.42,63.8,560.73,0,1
37.54,56.94,999.27,1,1
21.03,63.35,273,0,0
28.86,43.03,296.22,1,1
41.43,36.41,352.55,0,1
38,36.32,644.07,1,1
19.19,60.35,795.24,0,0
33.7,61.81,825.56,0,0
34.8,71.4,441,0,1
29.6,80.5,290,0,1
12.49,25.52,952.63,0,0
21.14,91.54,715.92,1,0
21.56,67.63,897.76,0,0
35.88,37.17,732,1,1
38.21,67.36,332.72,0,1
33.28,32.59,295.1,0,1
25.78,96.68,544.87,1,0
16.61,41.49,627.51,0,0
22.33,23.45,343.28,1,1
29.61,54.35,972.84,1,0
22.94,24.19,814.05,1,0
10.58,47.12,836.53,1,1
41.81,71.03,815.34,1,1
42.03,89.42,496.12,1,1
14.78,75.61,523.46,1,1
43.14,28.47,323.86,0,1
19.09,70.72,631.99,0,0
28.06,41.41,868.38,1,0
23.77,87.72,541.52,0,0
23.96,92.35,999.12,0,0
31.57,59.91,991.35,0,0
26.63,91.84,620.04,0,0
28.54,39.35,274.48,1,1
37.58,89.17,686.79,1,1
20.32,93.07,420.45,0,0
18.18,82.27,686.86,0,0
14.37,35.07,480.74,1,1
27.51,87.24,761.03,0,0
36.03,98.86,733.75,0,0
33.8,52.9,510,1,1
28.1,63,372,1,0
24.49,41.6,365.47,0,0
28.5,88,410,0,1
25.95,74.25,634.42,1,0
19.77,52.4,999.03,0,0
27.4,73.39,210.21,0,0
16.8,52.91,759.61,1,1
37.47,78.68,292.95,0,1
20.99,91.07,682.35,1,0
27.52,71.59,218.83,0,0
26.5,83.3,282,0,1
14.35,78.47,950.67,1,0
22.61,26.97,361.72,1,1
18.98,48.43,739.2,1,0
25.94,84.84,862.45,0,0
31.6,84.5,403,1,1
13.3,33.74,282.03,1,1
29.3,90,376,1,1
43.93,23.09,802.8,1,1
27.27,36.43,789.78,0,0
27,88.2,295,0,1
13.49,24.36,733.22,1,1
42.22,47.6,243.79,1,1
10.53,42.7,549.27,0,1
33.3,57.5,411,0,1
26.65,68.22,988.79,1,0
25.62,84.47,206.37,1,0
42.42,20.73,260.33,0,1
31.3,79.1,594,1,1
31.15,56.87,862.97,1,0
11.75,87.49,984.95,0,0
44.71,97.66,953.85,0,0
18.75,62.81,751.69,1,0
24.89,60.61,393.93,0,0
23.96,92.35,999.12,0,0
26.3,83.3,398,0,0
29.1,88.9,356,0,1
17.48,28.44,746.46,1,0
14.38,36.04,372.98,0,1
39.77,79.27,634.06,0,1
31.79,57.58,557.97,1,0
34.43,20.13,897.21,0,1
34.4,72.4,452,0,1
16.61,41.49,627.51,0,0
12.68,98.94,417.09,1,1
25.57,73.48,703.94,1,0
29.5,79.41,423.81,1,1
24.18,65.72,792.78,1,0
18.88,38.24,209.22,0,1
35.1,88.49,485.41,1,1
27.17,55.09,808.25,1,0
41.14,76.02,361.36,1,1
23.88,69.77,889.89,0,0
32.5,92.1,514,0,1
22.76,37.43,990.43,0,0
35.39,29.01,526.22,1,1
27.6,71.9,386,1,0
27.98,60.71,495.42,0,0
42.86,43.6,580.37,0,1
25.59,61.19,487.39,1,0
12.16,56.01,363.78,0,1
36.24,27.75,580.85,1,1
35.4,91.56,564.78,1,1
11.94,31.57,756.21,1,1
33.8,78.7,545,1,1
19.17,90.54,913.46,1,0
34.03,85.21,901.96,1,0
19.64,84.58,493.59,1,1
33.8,51,595,1,1
36.12,44.93,876.52,0,1
34.08,95.1,777.85,0,0
24.4,95.82,301.1,1,0
26.93,53.47,486.25,0,0
39.92,96.19,906.85,1,1
11.43,33.51,422.87,0,1
23.1,38.51,787.88,0,0
20.09,20.52,596.99,0,0
33.76,52.95,802.88,0,0
27.5,89,300,1,1
28.81,23.94,201.88,1,1
28.98,62.2,312.9,1,0
24.64,80.08,281.1,0,0
30.5,74.7,362,1,0
28.8,50.3,411,1,0
11.44,47.78,412.18,1,1
25.96,82.81,359.74,0,0
14.75,27.94,367.09,0,1
35.59,81.58,980.33,1,0
11.9,71.54,979.4,1,1
22.08,93.4,432.4,1,0
24.28,28.54,853.3,1,0
18.41,72.75,927.78,0,0
43.9,83.9,434.26,1,1
20.95,88.68,305.35,0,0
26.06,98.69,513.96,0,0
14,53.16,890.81,1,1
31.82,68.02,242.81,1,1
33.54,80.19,833.26,0,0
34.68,38.15,836.23,0,0
16.08,96.63,883.69,1,0
39.01,48.54,424.75,1,1
35.59,81.58,980.33,1,0
29.99,89.07,311.56,0,0
27.9,86.6,323,1,1
28.98,81.47,271.37,0,0
33.24,62.24,975.55,1,0
27.9,92,504,0,1
18.89,81.09,750.39,1,0
25.26,70.4,472.46,0,0
28.06,41.41,868.38,1,0
11.44,79.59,556.76,0,1
29,75,410,1,0
11.55,85.4,991.91,0,0
38.01,66.8,997.62,0,0
39.07,63.59,332.19,0,1
27.5,68,402,0,0
36.77,33.97,457.81,1,1
26.3,81.3,354,0,0
29.92,39.68,597.71,0,0
44.92,74.15,862.78,0,1
36.18,36.66,364.18,0,1
15.07,40.38,931.62,0,0
31.1,86.5,501,0,1
27.4,30.78,596.86,0,0
28.2,88,398,1,1
37.58,43.78,308.5,1,1
12.71,28.34,872.35,0,1
37.98,75.58,417.72,1,1
23.71,93.24,300.49,1,0
24.64,94.32,928.6,0,0
40.04,57.09,827.42,0,1
35.57,61.75,259.34,1,1
10.35,41.98,287.52,0,1
43.68,72.29,870.53,1,1
16.26,92.15,517.75,0,1
29.06,32.79,753,1,0
42.12,28.64,386.11,1,1
26.77,69.26,463.21,1,0
30.1,82.6,333,1,1
39.34,64.44,751.98,1,1
44.37,51.29,263.99,1,1
39.62,96.42,323.74,0,1
33.76,52.95,802.88,0,0
20.93,51.92,886.39,0,0
35.51,96.2,867.98,0,0
37.19,87.8,345.45,1,1
20.33,78.67,897.02,1,0
29,65,400,0,0
12.39,22.06,308.13,1,1
23.87,43.71,314.78,0,0
34.18,82.96,293.08,1,1
43.88,55.74,601.21,1,1
21.69,28.55,391.08,0,0
13.83,36.23,998.66,0,0
39.2,66.19,717.13,1,1
10.89,71.42,914.19,0,0
40.7,51.62,573.04,0,1
32.75,21.98,848.21,0,1
34.3,78.6,520,0,1
19.08,72.91,225.65,0,1
43.15,97.39,346.41,0,1
34.7,35.26,642.27,0,1
11.82,82.9,361.09,0,1
27.9,96.35,582.87,0,0
42.18,34.09,371.17,1,1
35.08,54.98,522.84,1,1
29.59,74.96,726.47,0,0
17.22,52.22,260.77,1,1
22.71,24.18,748.43,0,0
33.2,71.5,575,0,1
33.24,62.24,975.55,1,0
15.82,93.32,462.27,0,1
10.51,48.83,683.87,1,1
17.11,80.94,509.23,0,0
22.69,85.92,363.27,1,0
39.49,77.79,262.4,0,1
27.26,20.32,600.93,0,0
30.1,70.5,330,0,0
23.92,45.98,985.16,0,0
12.45,78.34,686.73,0,1
27.16,48.66,862.26,1,0
38.06,57.31,489.33,0,1
29.74,87.26,271.36,1,1
31.15,56.87,862.97,1,0
37.54,28.95,484.78,0,1
29.38,50.62,325.82,1,1
33.3,37.24,376.86,0,1
11.16,47.61,707.48,1,1
14.97,20.94,537.63,0,1
30.4,77.1,329,0,0
11.43,88.44,762.93,1,1
14.56,26.5,216.68,1,1
41.61,77.1,854.52,1,1
20.07,44.54,482.37,0,0
30.91,82.71,584.72,0,0
13.39,24.46,303.38,1,1
13.49,41.8,865.43,0,0
34.68,38.15,836.23,0,0
30.79,71.64,517.08,0,0
29.82,20.5,249.51,0,1
14.89,66.12,809.51,0,0
41.53,27.91,293.69,0,1
27.8,85,412,1,1
21.44,79.59,263.72,0,1
30.1,53.4,477,1,0
35.93,62.4,863.21,1,0
44.3,98.85,749.34,0,1
41.72,33.11,714.26,0,1
10.13,23.72,203.48,0,1
28.28,81.6,372.66,0,0
33.93,21.57,788.51,1,1
28.4,56.1,579,1,1
19.51,51.86,273.36,0,1
21.14,91.54,715.92,1,0
13.56,60.48,376.68,0,1
18.26,78.44,232.26,0,1
41.74,30.59,674.41,1,1
21.4,77.73,259.73,1,1
38.64,24,929.22,1,1
41.61,68.31,661.29,0,1
23.09,90.9,321.1,0,0
37.31,58.11,598.03,1,1
44.34,35.21,834.08,0,1
19.69,67.39,929.89,1,0
12.59,50.04,843.05,0,1
24.66,50.65,615.13,1,0
10.23,28.78,658.42,1,1
41.2,20.23,231.81,1,1
27.6,64.4,440,0,0
36.36,78.2,895.69,0,0
40.54,86.25,372.85,0,1
11.59,44.02,624.89,1,1
37.77,22.54,825.64,1,1
18.29,26.72,816.02,0,0
14.92,51.15,529.24,0,1
33.35,42.67,712.07,1,1
42.02,20.92,560.09,1,1
30.4,70.8,283,1,1
36.04,22.68,655.91,1,1
26.2,74.7,595,1,1
17.53,70.2,938.93,0,0
21.5,42.79,582.63,1,1
38.75,23.29,736.31,1,1
36.95,31.32,867.3,0,1
30.6,54.5,435,1,0
24.28,45.96,825.35,0,0
26.98,46.69,833.25,1,0
39.35,54.29,781.27,0,1
31.47,71.02,393.62,1,1
41.1,58.71,782.74,0,1
36.26,56.55,876.53,1,1
37.3,81.7,382.48,0,1
29,60,500,0,0
32.1,53.1,494,0,1
33.82,51.64,979.76,1,0
42.65,66.01,583.48,0,1
25.9,89.07,933.57,1,0
21.42,21.66,808.71,0,0
21.06,53.96,447.46,1,1
30.68,99.14,333.46,1,0
32.86,31.88,643.44,0,0
41.65,97.51,993.51,1,1
21.7,26.04,802.6,1,0
26.66,28.88,707.54,0,0
12.85,54.87,644.67,1,1
10.37,80.95,914.64,0,0
40.61,65.11,613.16,0,1
18.11,34.5,848.24,1,0
35.93,62.4,863.21,1,0
23.82,40.32,985.71,1,0
33.7,61.81,825.56,0,0
33,61.3,317,1,1
31.86,50.56,364.55,0,1
38.01,66.8,997.62,0,0
33.71,43.17,661.76,0,1
42.52,50.99,252.93,0,1
27.55,83.86,719.97,1,0
17.33,22.43,546.9,0,1
11.77,70.2,508.49,0,1
20.42,43.85,456.32,0,0
30.01,66.71,367.82,0,0
13.35,93.81,654.78,1,1
39.37,31.63,604.56,0,1
28.6,57.3,281,0,1
30.5,28.76,972.67,1,0
26.37,69.55,528.95,1,0
13.38,21.07,538.28,0,1
27.1,52.15,322.95,0,0
29,49.9,700.26,0,0
24.52,46.16,685.35,0,0
30,82.2,398,0,0
35.59,81.58,980.33,1,0
24.79,99.65,208.39,1,0
13.11,24.65,497.8,0,1
38.42,86.02,836.05,1,1
42.95,74.13,490.72,1,1
31.94,31.69,858.4,1,0
13.41,64.72,600.87,1,1
28.27,32.43,733.29,0,0
24.12,51.88,335.91,1,1
20.81,72.71,653.15,1,0
23.52,48.28,452.51,1,0
41.86,44.33,559.78,1,1
30.03,65.55,528.39,0,0
34.68,38.15,836.23,0,0
38.35,64.46,957.63,0,0
10.4,82.99,445.15,1,1
36.76,33.43,535.63,0,1
11,70.35,980.79,1,1
28.1,78.2,536,0,1
15.23,60.8,568.47,0,1
40.93,55.36,464.71,0,1
15.06,84.9,378.12,0,1
26.65,68.22,988.79,1,0
17.21,48.2,300.89,1,1
20.77,85.31,974.38,1,0
16.09,50.25,843.15,0,0
27.55,83.86,719.97,1,0
40.14,32.37,561.24,1,1
20.71,58.65,250.55,1,1
41.39,26.42,619.61,1,1
26.26,98.31,337.91,0,0
29.32,48.59,972.79,1,0
23.39,46.07,390.09,1,1
36.69,40.55,557.01,1,1
30.76,49.79,424.04,1,1
34.7,87.3,555,0,1
22.11,45.22,817.49,1,0
14.02,59.23,335.6,1,1
32.01,78.83,814.18,1,0
22.9,24.32,810.38,1,0
29.46,42.79,219.39,0,1
16.15,67.77,539.35,0,1
19.54,90,813.3,0,0
32.57,88.12,687.36,0,0
28.99,38.64,658.9,1,0
38.26,96.97,832.01,0,0
39.53,55.04,473.92,1,1
32.8,59.7,467,0,1
38.93,64.62,243.69,1,1
28.81,35.36,775.39,0,0
33.89,39.35,771.16,1,1
43.81,92.94,959.34,0,0
30,57.3,369,0,0
26.26,71.98,238.45,1,1
32.5,64.3,391,1,1
28.67,24.22,565.55,1,0
23.33,47.71,391.24,0,0
27.23,35.39,571.15,0,0
25.61,34.81,633.52,1,0
31.1,73.9,544,0,1
30.2,57.7,480,0,0
38.55,56.03,460.11,1,1
22.16,24.03,242.21,1,1
34.04,73.94,377.19,0,1
27.36,20.62,593.67,0,0
22.92,30.84,614.72,1,0
38.96,81.16,658.82,0,1
41.71,30.13,342.82,1,1
28.67,20.02,393,1,1
31.73,77.52,655.62,1,0
22.26,76.65,585.33,1,0
30.7,93.1,312,0,1
29.67,20.47,262.81,1,1
27.91,81.56,947.84,0,0
41.71,31.02,243.48,1,1
28.28,81.6,372.66,0,0
28,92.3,315,1,1
39.68,78.31,276.32,0,1
14.4,67.15,620.11,0,1
20.09,71.08,429.45,0,0
26.93,53.47,486.25,0,0
29.63,89.12,585.07,0,0
19.77,71.71,898.65,0,0
11.98,73.83,874.43,1,1
12.68,84.84,981.2,1,1
29.98,46.59,452.43,0,0
25.33,52.7,543.14,1,0
24.27,32.9,725.13,1,0
24.07,87.66,477.01,0,0
29.42,83.69,203.01,0,0
20.27,62.04,758.27,1,0
20.46,94.82,957.88,1,0
36.58,88.24,978.29,1,0
40.83,84.46,682.01,0,1
30.3,63.5,454,0,0
27.1,61.94,733.55,1,0
41.61,89.14,571.67,1,1
25.72,95.24,962.27,1,0
36.06,97.15,774.3,1,1
37.23,60.03,486.01,0,1
28.5,91,320,1,1
18.4,76.81,418.36,0,0
27.81,70.91,400.37,1,0
29.92,25.08,229.46,0,1
27.27,36.43,789.78,0,0
25.24,62.01,359.7,0,0
40.73,68.44,397.71,0,1
23.43,53.95,771.76,1,0
28,58,540,0,1
22.94,39.37,842.51,0,0
30.68,93.06,838.24,1,0
13.54,26.73,760.78,1,1
21.95,58.28,943.09,1,0
41.96,66.81,780.9,1,1
29.37,59.71,444.8,1,0
23.63,43.1,484.54,0,0
31.6,54.4,413,1,0
27.3,73.7,548,1,1
15.98,35.82,455.05,0,1
14.67,44.85,692.58,0,1
18.11,34.5,848.24,1,0
44.1,98.9,758.53,0,1
12.42,54.97,277.91,0,1
34.24,30.75,439.52,1,1
33.65,23.05,695.97,1,1
42.56,62.21,407.12,0,1
41.63,38.62,845.92,1,1
17.35,79.38,220.16,1,1
24.75,83.51,571.88,1,0
16.96,20.44,852.37,0,0
33,68.8,472,1,1
34.01,86.66,399.97,1,1
32.86,31.88,643.44,0,0
32.06,44.1,214.86,1,1
29.23,94.38,958.29,1,0
35,71.5,598,1,1
18.75,62.81,751.69,1,0
44.55,32.03,675.3,0,1
30.9,59.9,387,1,0
35.63,90.53,297.2,0,1
21.91,20.52,583.62,0,0
24.32,48.35,442.26,0,0
42.44,96.96,607.17,1,1
16.21,58.2,595.68,1,1
24,23.73,979,0,0
26.16,53.16,210.6,0,0
42.39,86.31,287.2,0,1
23.07,29.79,788.4,0,0
23.88,69.77,889.89,0,0
22.61,82.7,652.94,0,0
26.84,84.77,960.43,0,0
34.1,59,383,1,1
12.88,20.22,546.08,0,1
42.8,27,646.32,0,1
32.12,78.09,493.57,0,1
34.54,52.86,603.71,1,1
13.82,72.04,812.15,1,1
13.73,88.06,796.78,1,1
21.15,92.28,262.11,0,0
21.56,67.14,563.42,0,0
32.96,35.91,452.01,1,1
30.5,57.3,297,1,1
24.66,93.19,489.92,0,0
40.38,90.5,480.15,0,1
17.22,83.98,466.89,1,1
43.19,37.99,999.71,1,1
40.17,87.56,455.28,1,1
21.03,63.35,273,0,0
14.33,66.66,787.81,0,0
27.91,81.56,947.84,0,0
28.98,81.47,271.37,0,0
32.2,63.1,349,0,1
38.28,29.96,976.48,1,1
41.62,91.19,854.29,1,1
12.37,76.63,634.83,1,1
24.56,79.73,275.06,1,0
13.09,47.38,985.11,1,1
41.34,33.01,996.41,0,1
13.17,73.44,306.66,1,1
33.62,74.2,498.5,0,1
18.84,20.41,756.57,1,1
26.6,33.44,483.84,1,1
40.68,52.28,307.21,0,1
27.9,96.35,582.87,0,0
14.01,52.07,365.41,0,1
31.1,41.68,306.55,0,0
35,81,408,0,1
28,87,400,1,1
35.35,66.27,419.33,1,1
28.18,65.02,955.96,1,0
34.08,50.02,630.96,1,1
37.69,60.82,302.28,1,1
26.07,44.26,946.04,1,0
18.34,37.95,603.6,0,0
25.71,46.4,846.53,0,0
29.63,89.12,585.07,0,0
16.68,41.48,588.22,1,1
17.85,48.23,716.26,0,0
14.19,91.24,674.87,1,1
27.36,20.62,593.67,0,0
32.89,93.81,245.38,0,1
43,41.36,552.12,1,1
37.62,29.53,312.44,1,1
12.63,95.47,492.07,0,1
19.09,70.72,631.99,0,0
19.61,57.95,467.02,0,0
29.84,94.58,732.76,0,0
39.11,32.02,230.87,0,1
23.53,73,477.57,1,0
16.15,96.82,754.54,0,0
42.85,24.31,209.74,1,1
31.47,49.05,917.75,0,0
37.57,69.95,595.58,0,1
28.78,60.21,406.22,1,1
11.4,89.36,662.94,1,1
38.33,84.01,945.7,1,1
26.9,51.23,927.25,1,0
19.32,91.96,941.89,1,0
19.51,37.02,682.87,0,0
44.46,64.56,728.89,1,1
23.25,96.35,899.34,1,0
40.34,61.54,994.58,0,0
18.18,82.27,686.86,0,0
24.32,46.35,754.7,1,0
33.54,80.19,833.26,0,0
30.33,51.05,336.61,0,0
33.55,62.43,730.23,0,0
26.6,52.7,596,1,1
35.46,29.21,670.5,0,1
10.69,28.33,839.93,0,1
19.84,52.89,387.46,0,0
44.1,87.76,218.88,0,1
26.83,99.36,749.32,1,0
43.8,37.22,848.88,1,1
34.37,47.19,779.81,1,1
22.24,89,386.46,0,0
21.65,30,285.24,0,1
24,23.73,979,0,0
41.35,28.45,765.24,0,1
29.23,94.38,958.29,1,0
23.01,22.07,377.42,0,0
41.77,87.71,592.36,1,1
44.64,50.19,555.8,1,1
21.94,84.26,917.84,0,0
31.22,56.12,950.77,1,0
35.38,45.84,997.66,1,0
21.77,78.09,607.95,0,0
23.03,82.11,676.74,0,0
35,62,410,0,1
28.87,44.9,688.27,1,0
13.02,94.93,502.56,1,1
24.06,87.03,384.46,0,0
27.94,56.69,713.86,1,0
40.56,61.85,759.75,1,1
30.27,69.38,524.13,1,0
20.93,51.92,886.39,0,0
26.48,93.43,509.65,1,0
35.8,93.22,966.96,1,1
13.76,28.09,209.07,0,1
37.45,67.89,531.31,1,1
44.4,40,258.69,1,1
19.41,21.68,778.27,0,0
11.61,65.37,427.06,1,1
22.11,32.36,220.36,1,1
26.2,70.3,459,1,0
32.6,91.36,786.3,1,0
38.17,97.39,414.88,0,1
37.58,92.26,413.93,0,1
16.69,81.5,412.47,0,1
41.2,33.27,319.61,1,1
19.48,99.95,446.68,0,0
17.7,58.34,740.32,1,1
34.7,58,307,1,1
10.37,80.95,914.64,0,0
44.74,32.5,990.74,0,1
29.6,58.4,473,0,0
43.28,66.17,485.7,1,1
29.2,66.2,401,1,0
22.58,88.67,386.08,0,0
38.1,39.11,233.46,0,1
43.64,87.56,797.86,0,1
29.99,89.07,311.56,0,0
34.6,85.2,405,1,1
42.4,72.8,511.01,1,1
44.11,68.31,787.99,1,1
25.52,66.87,980.86,0,0
15.78,21.25,538.72,0,1
34.23,41.12,951.25,1,1
19.04,23.02,666.56,1,1
23.82,40.32,985.71,1,0
19.19,60.35,795.24,0,0
19.62,22.62,536.27,1,1
21.32,34.71,661.55,0,0
18.77,69.99,657.4,1,0
35.38,45.84,997.66,1,0
33.23,59.19,613.95,1,1
16.15,96.82,754.54,0,0
28.65,45.95,466.4,1,1
19.43,31.59,665.22,0,0
11.6,31.2,421.45,0,1
35.28,62.67,895.98,0,0
29.8,60.7,548,0,1
21.38,74.91,255.71,0,0
44.16,96.56,248.35,0,1
40.08,67.59,468.26,1,1
43.28,36.79,408.73,0,1
31.02,25,776.98,0,0
32.58,73.51,891.33,1,0
32.5,75,410,0,1
18.15,59.36,448.19,0,1
31.5,58.5,495,0,0
27.04,98.29,972.35,0,0
28.61,90.39,659.82,0,0
42.93,58.91,570.1,0,1
12.04,99.87,801.92,0,0
35.52,46.31,722.79,0,1
19.72,73.38,916.68,1,0
37.36,54.96,702.2,0,1
43.29,80.97,543.46,0,1
13.07,84.45,735.35,0,0
29.97,65.45,730.41,0,0
28,82,410,1,1
26.3,94.5,362,1,1
23.88,69.77,889.89,0,0
37.81,23.2,465.85,0,1
28.67,24.22,565.55,1,0
22.47,92.55,417.71,0,0
31.1,57.3,395,0,0
38.05,25.62,751.16,0,1
37.96,99.83,480.57,1,1
14.72,32.07,834.14,1,1
22.42,25.55,615.25,1,0
29.93,47.45,649.27,0,0
43.72,40.42,729.31,0,1
10.01,34.84,507.17,1,1
31.2,38.98,281.43,1,1
32.21,62.62,514.02,0,0
39.82,48.53,409.12,0,1
22.47,92.55,417.71,0,0
33.45,25.76,405.34,0,1
26.66,96.35,397.88,1,0
22.84,28.49,750.92,0,0
18.71,95.36,438.62,1,1
42.81,76.48,704.94,1,1
41.85,50.19,971.26,0,1
28,63.14,404.07,0,0
34.68,38.15,836.23,0,0
27.96,39.39,347.47,0,1
17.54,36.03,992.43,0,0
23.88,30.54,892.24,1,0
15.29,38.03,400.77,0,1
23.82,40.32,985.71,1,0
37.03,33.64,507.61,0,1
27.63,86.42,731.21,0,0
10.51,65.99,521.82,1,1
26.1,79.7,482,1,1
12.92,90.59,842.88,1,0
22.27,22.66,262.86,1,1
32.12,24.68,313.42,1,1
29.25,51.09,330.95,1,1
36.51,48.55,991.62,1,0
25.78,96.68,544.87,1,0
14.68,90.86,719.38,1,1
26.64,49.08,712.8,0,0
23.07,29.79,788.4,0,0
17.43,61.61,579.78,1,1
28.62,48.54,833.77,1,0
29.54,53.94,925.08,0,0
37.87,78.8,688.09,0,0
32.42,53.28,807.26,1,0
40.7,90.18,464.33,1,1
26.6,78.5,583,1,1
24.96,71.62,796.17,0,0
14.65,31.48,951.86,1,1
23.38,42.54,777.59,1,0
28.47,61.41,662.3,0,0
21.91,63.31,323.32,0,0
28.98,62.2,312.9,1,0
30.01,23.71,699.17,0,1
18.59,97.26,206.59,1,1
12.3,38.26,397.28,1,1
28.8,56.81,667.81,0,0
17.41,23.32,457.65,0,1
42.75,56.56,432.2,1,1
22.42,69.01,668.3,1,0
44.5,20.01,691.18,0,1
18.84,55.43,877.82,0,0
28.39,58.53,341.51,0,1
40.28,68.06,760.69,1,1
24.82,70.09,429.44,1,0
27.4,73.39,210.21,0,0
30,50.9,362,1,0
39.08,43.39,899.92,0,1
24.09,20.11,597.67,1,0
24.66,50.65,615.13,1,0
22.72,60.11,234.72,0,0
13.7,70.28,276.03,1,1
22.57,84.67,510.45,0,0
10.87,55.92,389.98,0,1
43.57,77.25,830.53,0,1
14.54,56.3,605.54,0,1
38.31,26.11,423.49,1,1
32.26,52.14,662.26,0,0
32.2,85.7,476,1,1
42.24,45.67,401.8,0,1
30.69,45.18,241.88,0,1
36.03,98.86,733.75,0,0
21.03,63.35,273,0,0
29.63,89.12,585.07,0,0
39.84,63.33,806.61,1,1
20.19,36.57,321.86,1,1
29.13,53.38,328.18,0,0
39.97,27.94,272.58,1,1
40.72,90.37,896.46,0,1
12.94,99.42,301.75,1,1
39.78,27.03,844.69,1,1
23.48,86.92,959.96,1,0
42.77,61.08,960.22,1,1
12.96,57.34,585.71,1,1
33.34,45.84,918.34,0,0
26.9,73.2,531,0,1
18.2,61.7,337.68,1,1
32.32,60.49,773.78,1,1
14.86,71.27,345.5,1,1
26.4,79.8,488,0,1
18.88,71.37,420.43,0,0
40.01,73.86,526.5,0,1
28.7,88,404,1,1
31.23,68.34,861.73,0,0
16.52,30.05,310.7,0,1
29.37,20.91,757.21,1,0
12.3,91.31,571.05,0,1
22.2,32.74,683.96,0,0
11.9,67.73,269.49,1,1
40.76,35.73,957.84,1,1
19.44,24.57,624.94,1,1
32.23,23.62,499.69,1,1
32.44,53.09,434.25,1,1
27.04,98.29,972.35,0,0
39.87,78.99,905.76,0,1
31.41,49.88,404.27,0,1
27.4,59.4,560,0,1
33.55,62.43,730.23,0,0
18.37,42.44,856.38,0,0
17.84,55.51,587.37,1,1
18.96,72.85,491.63,0,0
11.69,85.64,861.07,1,1
30.56,33.94,970.31,0,0
41.41,57.07,698.35,0,1
42.94,25.79,627.39,0,1
30.5,62.1,552,0,1
26.98,46.69,833.25,1,0
44.3,59.41,463,0,1
40.17,84.76,724.19,0,1
27.09,21.81,749.54,0,0
29.25,27.77,305.86,0,1
29.9,76.3,589,0,1
31.41,43.66,404.59,1,1
32.6,79.3,542,1,1
18.43,30.39,772.35,1,1
11.92,73.87,913.03,1,1
39.17,94.33,566.93,1,1
26.9,86,462,1,1
33.38,34.13,664.18,0,1
34.4,26.66,890.37,0,0
36.09,54.53,302.06,0,1
34.96,41.88,297.27,1,1
27.26,26.52,522.61,0,0
10.26,61.46,230.02,0,1
25.26,70.4,472.46,0,0
24.09,20.11,597.67,1,0
34.65,40.22,807.02,0,1
41.7,98.01,385.83,0,1
29.1,74.5,593,0,1
40.42,57.83,628.29,1,1
15.15,43.84,271.81,0,1
12.66,60.09,749.56,0,0
18.53,41.41,468.54,1,1
27.73,50.98,925.26,0,0
38.57,99.06,511.08,1,1
23.34,52.95,782.06,0,0
10.42,44.05,662.46,0,1
26.66,28.88,707.54,0,0
33.5,54.2,502,0,1
38.5,50.57,305.81,1,1
22.4,95.93,969.85,1,0
33.58,25.19,572.58,0,1
15.66,58.15,774.66,0,0
21.42,80.5,515,0,0
24.39,76.32,373.96,0,0
23.34,52.95,782.06,0,0
22.56,68.8,505.99,0,0
42.34,73.63,945.01,1,1
27.17,55.09,808.25,1,0
36.46,56.19,234.54,1,1
14.15,96.92,771.53,0,0
24.42,94.75,238.77,0,0
32.57,88.12,687.36,0,0
11.77,94.1,969.31,0,0
34.15,75.21,944.49,1,0
27.61,35.51,887.05,1,0
17.87,54.51,775.33,1,0
33.37,84.63,809.83,0,0
38.06,47.16,851.86,0,1
38.46,68.93,823.28,1,1
15.95,24.43,464.92,1,1
35.86,44.5,412.07,1,1
17.52,23.23,360.91,1,1
26.19,79.8,229.35,1,0
26.66,28.88,707.54,0,0
30.1,58.9,495,0,1
27.4,57.9,344,0,0
22.84,28.49,750.92,0,0
11.52,40.88,900.61,0,1
37.21,96.57,757.44,1,1
23.01,22.07,377.42,0,0
25.9,57.93,574.29,1,0
15.61,47.17,468.18,0,1
17.37,45.46,392.06,1,1
42.54,82.61,244.91,0,1
28,63.14,404.07,0,0
43.05,28.18,883.37,0,1
21.91,58.13,436.85,1,1
24.13,36.62,719,1,0
15.88,58,244.18,1,1
32.08,55.81,307.42,1,1
16.33,41.5,358.92,0,1
31.45,38.05,923.72,1,0
20.84,31.6,789.44,1,1
13.22,64.27,713.31,1,1
22.34,77.04,326.16,1,0
11.8,59.4,553.69,0,1
21.51,42.25,347.55,1,1
13.53,33.4,317.82,0,1
32.47,22.46,779.04,0,1
18.77,69.99,657.4,1,0
13.83,36.23,998.66,0,0
16.71,46.71,782.17,1,1
22.94,24.19,814.05,1,0
32.57,88.12,687.36,0,0
11.57,30.11,650.04,1,1
44.51,71.2,888.2,0,1
15.55,45.01,284.73,0,1
39.56,79.97,224.38,1,1
33.18,77.23,414.51,1,1
20.35,67.5,226.25,1,1
14.89,66.12,809.51,0,0
27.7,60.1,526,0,1
40.77,85.02,731.84,1,1
21.7,78.47,536.01,0,0
30.3,69.9,600,1,1
44.42,82.94,818.93,1,1
30.01,92.58,954.39,0,0
26.25,85.4,606.23,0,0
32.1,77.7,554,0,1
19.06,73,449.37,1,1
26.34,38.22,359.48,1,0
24.97,35.8,928.64,1,0
13.47,92.71,372.02,0,1
31.2,65.9,544,1,1
30.95,43.4,747.11,0,0
11.05,96.92,734.29,0,1
11.99,81.32,761.69,0,1
10.61,78.71,258.87,0,1
34.88,44.3,607.59,1,1
21.97,33.46,665.32,0,0
20.27,62.04,758.27,1,0
28.28,81.6,372.66,0,0
10.21,67.4,877.92,1,1
29.14,77.16,555.7,0,0
26.21,32.61,672.25,0,0
41.22,42.97,462.2,1,1
16.04,65.44,437.09,0,1
20.29,36.83,812.29,1,0
40.58,56.95,216.95,0,1
43.35,46.14,483.54,1,1
24.99,97.33,970.9,0,0
20.95,86.14,675.96,1,0
24.03,80.89,586.03,0,0
40.55,29.01,762.95,0,1
23.58,32.8,218.68,0,0
18.62,75.25,677.42,1,1
38.81,23.36,576.87,0,1
29.05,79.18,764.75,1,0
11.99,98.28,670.75,0,1
30.53,92.76,350.79,0,0
32.13,70.68,628.62,1,1
40.77,40.67,635.21,0,1
25.43,58.32,917.6,1,0
38.11,49.89,510.5,1,1
41.12,95.03,242.9,1,1
29,57,560,0,1
18.07,57.58,648.77,0,1
17.53,77.25,840.04,0,0
33.96,60.26,812.12,1,1
21.68,23.04,317.57,0,1
34.25,98.99,380.13,0,1
41.1,85.95,704.03,1,1
12.39,96.41,354.41,0,1
40.04,44.78,977.04,1,1
13.79,60.71,571.9,1,1
16.69,83.24,563.17,1,1
38.53,40.85,437.52,1,1
42.95,50.89,968.95,1,1
25.73,97.75,880.21,0,0
17.37,95.91,468.43,1,1
37.95,61.92,657.68,0,1
38.69,99.95,369.15,1,1
34.2,40.94,699.39,1,1
20.85,51.79,541.43,1,0
36.67,81.88,900.1,1,0
13.1,37.65,678.58,0,1
42.47,89.42,766.1,0,1
32.26,52.14,662.26,0,0
33.38,27.48,606.28,1,1
40.76,65.74,613.96,0,1
31.06,66.54,521.17,1,1
18.78,74.67,747.1,1,0
41.28,72.64,206.45,1,1
24.07,87.66,477.01,0,0
30.5,28.76,972.67,1,0
44.94,26,378.41,0,1
24.99,97.33,970.9,0,0
11.33,79.7,727.23,0,1
13.13,77.23,416.91,0,1
29.05,79.18,764.75,1,0
15.84,29.69,268.33,0,1
28.61,90.39,659.82,0,0
19.67,83.39,380.19,0,0
26.4,52.9,499,1,1
26.63,95.61,371.57,1,0
43.46,62.51,519.78,0,1
29,78.2,446,1,0
10.25,45.33,741.75,1,1
20.25,47.69,797.38,0,0
43.97,28.99,414.8,1,1
29.2,57.8,596,1,1
25.62,84.47,206.37,1,0
34.5,50.9,403,1,1
19.53,50.73,868.75,1,0
40.33,98.61,622.27,1,1
28.78,88.8,370.43,1,0
22.74,71.15,303.23,1,0
30.33,51.05,336.61,0,0
43.26,99.9,497.49,0,1
31.15,56.87,862.97,1,0
33.54,80.19,833.26,0,0
14.17,71.93,653.73,1,1
20.17,43.8,437.08,0,0
16.27,83.8,742.04,0,0
20.46,94.82,957.88,1,0
35.59,81.58,980.33,1,0
38.68,80.91,990.38,0,0
15.22,39.28,948.9,1,1
29.84,94.58,732.76,0,0
33.42,56.98,529.41,0,0
33.6,53.4,504,0,1
31.92,73.52,301.03,0,1
40.58,71.04,866.91,1,1
25.75,75.43,786.53,0,0
30.9,76.4,432,1,0
13.2,45.55,960.05,1,0
32.14,38.58,917.99,1,0
33.92,67.49,803.86,0,0
42.11,20.42,980.05,1,1
25.48,23.69,635.1,0,0
37.85,53.36,383.29,1,1
29.51,40.48,720.66,0,0
12.63,91.65,842.14,0,1
27.94,38.45,341.22,1,1
16.41,71.42,462.22,0,1
12.3,90.97,535.88,1,1
21.69,28.55,391.08,0,0
10.89,71.42,914.19,0,0
26.59,77.31,416.75,1,0
24.44,49.76,821.13,1,0
28.26,21.07,215.56,1,1
21.03,29.22,285.59,1,1
42.32,63.59,415.79,1,1
25.75,38.16,911.51,0,0
31.1,41.68,306.55,0,0
16.08,76.96,860.78,1,0
28.81,35.36,775.39,0,0
27.51,87.24,761.03,0,0
43.36,61.34,855.29,0,1
43.78,40.07,740.82,0,1
24.91,63.84,616.86,1,0
20.17,47.18,948.76,0,0
44.47,90.23,916.08,0,1
22.23,93.74,946.37,1,0
41.87,69.98,468.69,0,1
19.37,56.4,576.63,0,0
25.92,61.25,591.08,1,0
13.51,21.33,729.37,1,1
31.99,29.71,988.75,1,0
40.06,52.29,761.92,1,1
14.21,47.35,273.44,0,1
36.53,51.46,861.09,1,1
23.15,43.75,719.26,0,0
10.64,93.14,294.2,1,1
19,57.2,381.58,0,1
19.43,39.42,993.34,1,0
37.88,23.5,653.56,1,1
18.34,51.09,554.96,1,1
20.59,57.42,418.24,1,1
20.42,43.85,456.32,0,0
30.99,88.92,894.91,1,0
24.28,45.96,825.35,0,0
23.36,69.44,774.75,1,0
23.85,43.89,893.55,0,0
26.69,85.81,417.09,0,0
27.5,60,520,0,1
28.67,24.22,565.55,1,0
15.66,58.15,774.66,0,0
25.57,73.48,703.94,1,0
32.78,58.02,883.69,0,0
16.12,98.97,648.92,1,0
16.47,24.77,683.49,1,1
26.85,29.38,300.15,1,1
24.62,90.33,955.79,0,0
42.62,42.31,960.17,0,1
35.89,68.98,213.34,0,1
17.89,32.87,721.22,0,0
19.35,90.29,837.94,1,0
38.11,61.44,312.26,0,1
29,30.35,500.66,1,1
35.43,95.41,865.75,0,0
38.22,60.82,981.94,0,0
44.63,65.95,310.31,1,1
20.17,47.18,948.76,0,0
40.5,39,983.14,1,1
31.7,26.62,859.18,1,0
27.57,56.4,802.78,1,0
40.92,79.82,962.46,0,0
30.91,82.71,584.72,0,0
35.31,84.13,833.37,0,0
12.04,99.87,801.92,0,0
24.37,36.78,981.25,0,0
29.99,31.44,499.64,0,1
36.38,37.52,554.43,0,1
44.37,91.83,302.81,0,1
20.09,45.92,743.1,1,0
23.77,87.72,541.52,0,0
31.17,69.13,625.53,0,0
10.64,57.13,954.45,0,0
21.94,84.26,917.84,0,0
11.43,76.41,560.79,1,1
10,96.31,851.37,0,1
26.79,66.74,789.46,0,0
23.09,90.9,321.1,0,0
41.75,79.23,634.27,0,1
32.14,94.56,282.01,1,1
25.29,82.76,274.64,0,0
18.96,72.85,491.63,0,0
38.01,66.8,997.62,0,0
17.28,22.12,345.15,1,1
36.84,53.29,213.53,0,1
22.34,77.04,326.16,1,0
19.3,71.69,599.47,1,0
26.34,38.22,359.48,1,0
18.89,22.49,791.44,1,1
14.9,53.27,638.87,0,1
17.23,89.93,224.37,0,1
25.04,79.25,890.38,0,0
14.87,55.21,586.28,1,1
13.45,66.38,702.29,1,1
26.66,96.35,397.88,1,0
27.98,60.71,495.42,0,0
23.23,28.24,775.22,1,0
27.5,70,420,1,0
40.31,20.79,822.44,1,1
42.57,74.09,445.79,1,1
14.28,95.39,568.91,0,1
19.26,30.4,597.34,0,1
37.77,93.19,335.65,1,1
19.32,91.96,941.89,1,0
28.61,63.02,422.48,0,0
30.06,46.02,231.42,0,1
11.4,92.12,645.94,1,1
16.42,85.67,543.11,0,1
34.96,73.31,972.84,1,0
25.8,66.37,901.72,0,0
33.53,82.59,624.6,0,0
11.36,35.53,629.29,1,1
13.46,26.05,489.23,0,1
22.4,95.93,969.85,1,0
26.96,44.19,650.73,1,0
21.66,54.12,311.44,0,0
15.76,25.11,453.91,0,1
21.56,67.63,897.76,0,0
34.8,55.9,303,1,1
35.13,96.44,214.59,0,1
10.2,72.11,361.97,0,1
22.76,64.85,584.85,0,0
13.96,48.11,998.58,0,0
35.74,73.1,290.71,0,1
42.03,62.64,326.36,1,1
20.06,42.38,465.6,0,0
18.31,50.39,580.73,0,1
29.6,83.17,791.04,1,0
17.89,32.87,721.22,0,0
26.07,44.26,946.04,1,0
24.07,87.66,477.01,0,0
30.03,94.59,886.57,1,0
30.65,43.84,228.05,0,1
44.11,98.05,252.22,0,1
42.91,54.17,643.75,0,1
20.81,72.71,653.15,1,0
37.82,75.49,376.62,1,1
27.54,65.82,309.78,0,0
20.15,70.31,294.35,0,0
44.3,51.5,381.94,1,1
27.46,20.97,207.23,0,1
44.32,38.19,523.18,0,1
30.32,81.85,466.14,0,0
28.8,87.9,443,1,1
26.03,51.56,893.65,1,0
14.15,96.92,771.53,0,0
18.66,33.03,349.53,1,1
12.94,24.18,402.77,0,1
18.7,45.36,847.06,1,0
20.45,93.9,383.85,1,1
20.89,46.15,208.64,0,1
12.42,96.79,582.6,0,1
19.2,57.78,459.46,0,0
25.78,29.06,987.87,1,0
19.68,44.99,714.14,0,0
41.03,21.93,506.29,1,1
24.73,97.54,244.86,1,0
24.51,28.54,938.57,0,0
22.57,84.67,510.45,0,0
22.7,88.89,375.61,1,0
12.04,40.98,548.86,1,1
42.58,39.66,661.57,1,1
40.37,20.17,504.19,0,1
10.88,77.83,848.29,0,0
30,72.97,635.02,0,0
25.54,82.51,744.04,1,0
10.38,30.95,920.01,1,1
28.9,88.5,528,1,1
30.53,92.76,350.79,0,0
12.14,43.03,274.62,0,1
27.12,42.89,778.21,0,0
33.15,67.35,789.02,1,1
37.31,46.41,457.84,0,1
21.38,81.88,304.7,0,0
41.13,61.55,652.03,1,1
41.74,33.5,974.66,1,1
31.5,92,476,0,1
11.17,57.62,963.56,0,0
19.41,21.68,778.27,0,0
39.64,44.69,993.51,1,1
16.74,30.33,438.29,1,1
31.26,39.55,598.6,1,1
22.34,77.04,326.16,1,0
42.36,93.53,402.39,0,1
29.99,79.63,503.16,0,0
31.1,55.7,453,0,0
36.82,72.64,859.12,1,1
22.24,70.2,827.53,0,0
25.62,84.47,206.37,1,0
31.1,41.68,306.55,0,0
14.27,28.89,718.48,1,1
14.41,90.02,609.77,0,1
34.68,65.4,960.57,1,1
38.27,75.43,644.7,0,1
24.7,68.64,283.81,1,0
14.81,47.29,290.78,0,1
42.45,63.2,873.63,0,1
30.62,77.67,392.97,0,1
23.59,38.35,412.75,0,0
39.9,21.78,687.6,1,1
25.43,58.32,917.6,1,0
29,90,395,1,1
10.56,62.95,648.84,0,1
41.61,27.88,385.66,1,1
17.41,99.65,984.89,1,0
19.58,59.03,265.82,0,1
18.81,98.48,690.97,1,0
30.79,67.17,253.9,0,0
17.06,26.26,830.5,1,0
12.45,24.53,296.3,1,1
21.15,92.28,262.11,0,0
27.28,96.93,815.71,1,0
16.16,21.45,595.11,1,1
16.6,42.31,760.29,1,1
29.72,29.1,311.02,0,1
26.68,51.55,639.53,1,0
18.34,37.95,603.6,0,0
24.28,45.96,825.35,0,0
29.37,20.91,757.21,1,0
36.06,23.8,375.44,1,1
16.28,97.65,290.64,1,1
35.26,23.85,825.21,0,1
27.81,25,507.16,1,1
33.54,50.97,401.05,1,1
32.09,22,776.58,1,1
39.23,31.79,766.54,0,1
27.12,42.89,778.21,0,0
37.07,57.95,480.91,1,1
10.82,46.35,629.49,0,1
36.66,60.57,710.32,0,0
32.4,74.3,400,1,1
30.41,66.32,243.61,0,1
22.46,83.11,386.95,0,0
31.45,23.44,297.41,1,1
36.93,51.83,862.04,0,1
20.92,81.92,818.34,1,0
40.63,89.44,704.78,1,1
26.4,57.2,544,1,1
20.32,93.07,420.45,0,0
23.75,96.94,532.63,0,0
18.4,76.81,418.36,0,0
34.7,75,366,1,1
33.94,22.03,752.04,0,1
44.9,61.99,635.15,0,1
14.43,65.3,518.72,1,1
24.55,40.66,893.61,0,0
28.6,87.9,451,0,1
41.95,39.86,662.11,1,1
34.7,95,411,1,1
42.9,60.32,959.36,0,1
20.68,97.9,730.69,1,0
20.08,77.98,869.13,0,0
20.84,95.03,741.72,0,0
16.87,73.72,401.94,1,1
40.75,48.55,439.91,1,1
44.73,72.21,249.04,0,1
28.31,73.61,943.68,1,0
34.31,49.17,790.8,0,1
23.98,92.81,846.42,0,0
28.99,38.64,658.9,1,0
34.69,78.83,442.8,0,1
21.01,86.31,682.73,1,0
31.79,99.21,449.5,0,0
33.7,56.3,315,0,1
25.04,42.98,789.44,0,0
36.51,48.55,991.62,1,0
23.27,86.51,873.86,0,0
34.23,24.98,607.54,0,1
13.19,77.49,370.99,0,1
37.01,48.1,849.59,1,1
22.58,88.67,386.08,0,0
40.85,62.63,807.29,1,1
33.2,73.77,401.76,0,0
40.06,76.04,521.45,0,1
22.12,47.76,790,0,0
31.5,51.2,379,0,0
36.9,29.05,836.41,1,1
24.79,77.45,554.15,0,0
31.8,78.8,460,1,0
27.69,74.4,362.3,1,0
18.75,53.36,480.38,1,1
40.5,58.8,444.46,1,1
34.89,24.16,887.8,1,1
17.17,83.84,790.84,0,0
16.27,83.8,742.04,0,0
20.85,60.6,521,1,0
32.67,94.35,322.89,0,1
31.2,57.5,300,1,1
26.4,76.2,305,1,1
36.61,32.31,319.4,1,1
21.35,28.88,554.21,0,0
39.55,39.14,532.17,0,1
43.59,23.9,278.41,1,1
41.87,60.79,601.02,0,1
30.03,65.55,528.39,0,0
16.08,76.96,860.78,1,0
34.7,59.14,506.35,1,1
23.97,24.38,468.16,1,0
22.7,99.64,557.08,1,0
35.62,33.92,488.97,0,1
23.64,51.42,692.83,0,0
39.23,46.17,590.45,0,1
26.26,85.66,691.63,0,0
35.8,70.19,577.36,0,0
33.18,29.29,644.01,0,0
35.95,67.95,246.06,0,1
30.7,64.7,421,0,0
39.1,49.2,280.17,1,1
15.86,50.32,482.86,1,1
33.3,94.6,432,1,1
25.04,79.25,890.38,0,0
19.55,58.13,235.5,1,1
30.4,79.1,430,1,0
32.55,23.85,488.04,1,1
32.26,52.14,662.26,0,0
25.04,64.35,463,1,0
11.17,57.62,963.56,0,0
28.2,61,415,0,0
12.11,94.75,481.3,1,1
40.5,82.81,418.96,1,1
39.28,72.06,691.34,0,1
33.8,69.49,802.17,0,0
34.74,83.23,354.99,1,1
11.96,58.41,628.3,0,1
31.6,50.6,371,0,0
12.2,69.8,350.94,0,1
43.47,20.24,398.35,0,1
35.45,20.06,949.48,0,0
41.92,24.87,755.21,1,1
20.85,51.79,541.43,1,0
10.25,56.54,463.38,0,1
28.31,73.61,943.68,1,0
38.81,61.8,298.58,1,1
15.81,24.73,752.58,0,1
19.57,24.51,891.78,0,0
18.52,94.53,283.87,1,1
25.7,98.45,480.22,0,0
27.02,60.39,341.13,0,0
40.01,27.79,765.1,1,1
42.04,82.13,382.66,0,1
25.94,84.84,862.45,0,0
26.8,73.6,438,0,0
22.72,60.11,234.72,0,0
32.79,69.67,481.9,0,1
25.9,89.07,933.57,1,0
29.26,61.12,752.1,0,0
13.98,20.31,999.57,0,0
28.27,32.43,733.29,0,0
19.2,57.78,459.46,0,0
10.63,94.62,262.66,0,1
14.23,98.16,349.55,0,1
33.1,83.3,419,1,1
41.32,21.94,478.88,0,1
16.93,22.06,216.22,1,1
25.33,44.6,987.95,0,0
21.71,22.1,219.35,1,1
30.94,43.78,439.94,1,1
11.37,98.18,393.88,0,1
31.12,72.76,750.44,0,0
21.69,28.55,391.08,0,0
29.05,32.35,400.79,0,1
23.1,49.65,850.24,0,0
41.23,34.83,263.18,0,1
11.59,71.73,381.39,0,1
26.9,64.3,370,0,0
21.8,52.18,240.98,1,1
41.18,98.12,760.17,0,1
17.61,94.3,445.6,0,1
44.2,52.55,896.6,0,1
41.69,79.17,353.01,0,1
38.96,20.05,446.26,0,1
25.27,73.34,275.46,1,0
28.05,59.78,342.73,1,1
33,70,420,0,1
28.52,90.1,570,0,0
33.7,70.1,294,1,1
13.69,37.79,615.38,1,1
18.51,83.64,239.7,0,1
18.96,23.23,768.53,1,1
35.59,73.15,304.52,0,1
32.19,40.56,241.75,0,1
24.67,35.52,427.88,0,0
34.7,93.78,313.6,1,1
41.49,70.27,550.92,0,1
17.83,88.57,853.69,1,0
19.24,20.43,734.8,1,1
20.83,85.9,964.05,1,0
37.23,50.59,554.5,0,1
27.2,91.5,355,0,1
31.59,89.08,378.45,0,1
38.94,87.55,655.31,0,1
11.58,34.88,947.63,0,0
29.91,90.54,953.52,0,0
30.5,67.9,510,0,1
32.9,75.5,396,0,1
28.35,55.26,520.61,1,0
34.6,51.8,332,0,1
23.25,87.45,715.37,0,0
38.97,97.43,911.87,0,0
26.83,99.36,749.32,1,0
35.77,73.1,579.7,0,1
16.17,68.5,469.54,1,1
35.38,65.94,733.77,1,1
36.64,32.81,569.25,1,1
11.16,29.75,532.69,1,1
29.4,90.2,371,0,1
31.52,58.59,274.93,0,1
44.54,44.48,301.94,1,1
14.15,96.92,771.53,0,0
27.6,87.16,720.67,0,0
27.6,57.4,388,0,0
11.69,31.88,531.17,0,1
21.95,82.37,660.17,1,0
24.62,90.33,955.79,0,0
11.85,55.69,643.18,0,1
29.83,51.28,600.92,0,0
22.58,88.67,386.08,0,0
39.21,48.86,689.77,0,1
11.38,21.75,819.59,0,1
14.52,62.95,949.26,0,0
36.73,31.21,894.77,1,1
27.54,65.82,309.78,0,0
20.42,43.85,456.32,0,0
20.38,32.74,548.31,1,0
17.89,32.87,721.22,0,0
17.66,39.44,713.85,1,1
24.11,94.84,959.92,1,0
43.67,77.83,715.65,0,1
11.73,65.55,506.18,1,1
18.34,37.95,603.6,0,0
36.33,62.5,741.95,0,0
19.57,93.97,483.4,0,0
26.55,71.49,286.46,0,0
23.88,30.54,892.24,1,0
21.7,26.04,802.6,1,0
41.91,55.13,231.96,0,1
27.2,71.7,492,1,1
39.04,47.98,539.86,0,1
15.94,21.53,823.28,0,0
42.08,76.44,737.42,0,1
27.6,58.5,547,0,1
38.72,42.82,391.37,1,1
23.11,96.06,785.6,0,0
33.37,84.63,809.83,0,0
41.49,46.89,435.46,1,1
43.81,92.94,959.34,0,0
34.7,91,528,0,1
41.18,67.05,934.01,0,1
34.8,78.4,434,0,1
29.7,76.5,595,0,1
19.19,81.38,941.33,0,0
44.81,27.4,824.28,0,1
22.76,64.85,584.85,0,0
37,87.32,694.16,1,1
18.89,81.09,750.39,1,0
14.48,47.06,942.47,0,0
28,77.8,281,0,1
25.9,57.93,574.29,1,0
41.49,21.75,731.03,1,1
17.94,50.53,303.08,0,1
30.01,92.58,954.39,0,0
36.85,95.36,372.95,1,1
17.02,77.21,451.96,1,1
27.4,30.78,596.86,0,0
16.08,96.63,883.69,1,0
18.9,85.54,903.86,1,0
38.05,52.84,384.07,1,1
22.57,84.67,510.45,0,0
18.96,72.85,491.63,0,0
19.69,84.5,798.61,0,0
13.01,87.47,774.4,0,1
21.94,84.26,917.84,0,0
21.42,21.66,808.71,0,0
22.7,99.64,557.08,1,0
43.6,69.3,645.5,0,1
27.1,58,426,1,0
21.42,80.5,515,0,0
14.99,59.91,694.52,1,1
24.51,28.54,938.57,0,0
38.06,55.32,592.49,1,1
34.03,85.21,901.96,1,0
44.34,72.94,853.51,0,1
17.41,99.65,984.89,1,0
11.48,70.68,398.83,1,1
24.22,94.13,768.34,1,0
10.29,54.69,274.1,0,1
10.18,85.6,382.9,0,1
26.38,52.86,854.1,0,0
33.91,94.61,660.53,1,1
44.82,76.94,984.91,0,1
31.7,79.9,553,1,1
26.6,68.7,576,1,1
36.27,59.09,682.58,1,1
20,54.62,748.36,0,0
22.94,39.37,842.51,0,0
32.26,93.06,690.06,1,0
43.15,90.79,791.25,1,1
18.75,25.25,752.49,0,0
26.98,46.69,833.25,1,0
14.84,54.09,641.86,0,0
32.07,54.41,550.21,0,0
20.92,81.92,818.34,1,0
42.63,79.33,423.53,0,1
11.32,49.37,633.84,1,1
41.58,60.67,528.41,1,1
21.07,28.15,488.19,0,1
23.07,29.79,788.4,0,0
22.94,39.37,842.51,0,0
30.6,86.8,384,1,1
31.5,61.89,455.3,1,1
21.23,77.95,796.67,0,0
19.56,34.18,435.41,0,1
22.24,89,386.46,0,0
24.64,80.08,281.1,0,0
43.98,98.65,663.73,0,1
19.54,90,813.3,0,0
27.57,56.4,802.78,1,0
29.37,59.71,444.8,1,0
16.48,33.93,278.72,1,1
17.87,41.72,559.41,1,1
32.6,71.5,342,1,1
25.72,95.24,962.27,1,0
26.21,58.95,947.91,1,0
14.73,41.81,352.6,0,1
34.16,95.6,746.03,0,0
41.03,80.13,538.29,1,1
34.38,45.95,387.12,0,1
28.31,91.89,331.51,1,1
43.97,53.97,867.84,0,1
27.2,73.8,338,1,0
34.4,76.2,487.59,0,1
25.27,73.34,275.46,1,0
42.12,92.67,683.66,1,1
33.39,79.21,558.5,1,1
28.19,35.25,569.63,1,1
36.11,36.38,496.85,1,1
36.28,64.64,642.01,1,1
19.23,96.37,682.86,0,0
24.66,50.65,615.13,1,0
10.35,94.97,702.1,1,1
16.15,96.82,754.54,0,0
25.11,81.09,994.08,0,0
27.9,84.53,239.89,1,0
29.35,37.3,366.87,0,0
12.49,26.41,483.82,0,1
27.6,61,494,0,1
18.98,72.33,358.48,1,1
32.41,41.69,674.25,0,0
26.5,87,290,0,1
25.89,85.71,643.73,1,0
24.61,50.15,900.72,1,0
18.96,72.85,491.63,0,0
41.71,23.3,545.32,0,1
11.88,77.4,580.38,1,1
13.96,48.11,998.58,0,0
14.89,66.12,809.51,0,0
21.95,97.17,607.38,1,0
12.38,37.45,948.3,1,1
23.33,47.71,391.24,0,0
31.22,67.82,834.36,0,0
36.58,88.24,978.29,1,0
18.97,68.92,265.28,0,0
29.4,83.8,483,0,1
14.2,78.79,625.16,1,1
11.34,92.14,569.18,0,1
38.28,49.45,300.06,0,1
14.15,96.92,771.53,0,0
18.15,59.31,897.97,1,0
23.83,34.54,325.45,1,1
40.1,74.42,560.4,1,1
20.27,62.04,758.27,1,0
14.63,92.05,752.98,0,1
24.96,71.62,796.17,0,0
23.82,40.32,985.71,1,0
43.44,73.42,247.47,0,1
37.48,91.37,964.27,0,0
34.54,24.46,929.38,0,0
22.17,97.21,591.76,1,0
43.8,51.48,304.57,1,1
34.4,73.7,293,0,1
39.74,39.79,560.44,1,1
42.35,63.93,666.4,0,1
19.77,52.4,999.03,0,0
24.93,91.13,876.18,0,0
34.16,95.6,746.03,0,0
39.28,60.98,308.19,1,1
10.61,45.85,978.48,0,1
30.43,96.18,233.94,0,1
31.92,31.71,351.14,1,1
14.56,36.28,815.25,1,1
35.29,42.46,219.45,0,1
42.66,55.13,984.35,0,1
13.7,75.53,615.33,1,1
43.22,26.26,946.73,0,1
23.98,46.14,208.65,0,0
26.4,50.6,334,1,0
34.2,93.4,358,1,1
31.38,85.62,523.29,1,1
27.4,73.39,210.21,0,0
23.98,46.14,208.65,0,0
38.58,89.48,711.54,0,1
26.83,99.36,749.32,1,0
10.18,32.86,638.99,1,1
28.38,22.61,894.84,1,0
41.41,40.5,376.52,0,1
21.96,34.67,205.47,1,1
32.5,85.8,423,0,1
30.06,47.01,990.82,0,0
21.69,28.55,391.08,0,0
33.75,35.87,595.19,1,1
21.14,91.54,715.92,1,0
15.63,85.44,865.71,0,0
28.06,41.41,868.38,1,0
29.6,60.1,464,0,0
36.71,84.18,508.08,1,1
11.23,66.01,829.27,1,1
32.58,73.51,891.33,1,0
30.78,71.17,596.44,0,0
32.87,25.63,704.83,1,1
42.29,76.58,322.03,1,1
13.85,51.16,392.85,1,1
10.61,43.46,818.51,1,1
25.76,62.49,796.57,1,0
28.62,48.54,833.77,1,0
25,31.28,731.35,0,0
25.02,41.42,831.33,0,0
35.66,62.29,834.72,0,1
20.8,21.6,666.06,0,0
42.81,23.45,331.85,0,1
10.34,88.64,784.93,1,1
32.28,76.52,225.27,1,1
19.71,94.67,778.83,0,0
13.52,44.77,730.99,1,1
13.62,54.52,383.93,0,1
29.14,34.97,226.1,0,1
23.34,52.95,782.06,0,0
32.01,78.83,814.18,1,0
22.56,68.8,505.99,0,0
22.71,83.51,952.79,0,0
25.23,95.75,574.07,0,0
31.4,23.56,801.7,1,1
22.56,68.8,505.99,0,0
14.74,38.52,894.73,1,1
20.09,71.08,429.45,0,0
34.7,67.5,300,0,1
26.21,32.61,672.25,0,0
29.31,87.29,997.48,0,0
17.17,79.36,241.82,1,1
35.03,42.55,491.05,1,1
32.11,40.57,958.92,0,0
34.78,79.83,357.55,0,1
33.48,80.32,288.32,0,1
14.65,71.08,455.79,1,1
21.42,21.66,808.71,0,0
27.27,76.18,994.25,0,0
22.42,69.01,668.3,1,0
22.7,88.89,375.61,1,0
10.35,74.23,581.73,1,1
24.11,94.84,959.92,1,0
42.21,61.66,693.2,1,1
21.44,44.46,522.16,0,0
23.29,45.33,428.56,1,0
30.2,77.7,355,0,0
27.4,59.4,556,0,1
19.34,94.36,337.96,1,1
40.34,61.54,994.58,0,0
10.63,99.02,542.22,0,1
13.5,84.4,495.91,0,1
26.11,92.3,527.88,1,0
29.87,66.35,591.7,0,0
40.81,37.26,742.25,0,1
10.19,84.36,818.25,0,1
19.69,84.5,798.61,0,0
20.69,59.64,601.3,1,0
36.66,60.57,710.32,0,0
19.23,96.37,682.86,0,0
11.19,85.69,636.69,0,1
35.63,61.19,329.09,0,1
27.12,42.89,778.21,0,0
35.16,78.37,280.19,1,1
29,78.8,343,0,0
44.82,24.62,756.03,0,1
43.9,56.44,863.62,0,1
12.84,77.32,399.7,1,1
12.86,27.02,337.46,1,1
15.45,63.76,269.96,1,1
17.16,47.04,575.88,1,1
15.97,55.79,368.37,0,1
19.17,90.54,913.46,1,0
19.8,28.48,289.79,1,1
24.44,49.76,821.13,1,0
31.75,34.28,805.51,1,0
10.99,88.41,487,1,1
20.85,94.6,398.77,0,0
29.72,29.6,933.43,1,0
25.04,42.98,789.44,0,0
10.17,94.93,285.02,0,1
29.84,94.58,732.76,0,0
37.9,77.94,752.32,1,1
38.8,61.47,569.45,1,1
36.58,88.24,978.29,1,0
13.42,69.27,547.75,0,1
22.4,95.93,969.85,1,0
42.27,80.09,671.82,0,1
20.27,62.04,758.27,1,0
26.11,92.3,527.88,1,0
30.31,38.04,251.92,0,1
41.19,56.83,767.74,1,1
13.98,20.31,999.57,0,0
32.57,88.12,687.36,0,0
22.16,54.83,516.77,0,0
35.51,96.2,867.98,0,0
27.2,59.3,585,0,1
37.28,81.37,978.15,1,1
35.48,59.72,549.48,0,1
30.3,64.92,648.53,1,1
24.32,48.35,442.26,0,0
24.62,90.33,955.79,0,0
16.59,91.04,846.71,0,0
12.21,30.54,887,1,1
25.03,55.3,252.5,1,0
27.6,55.1,702,0,1
44.89,41.43,881.01,0,1
42.96,68.3,284.21,1,1
32.3,64,562,1,1
17.06,74.77,270.29,0,1
24.62,90.33,955.79,0,0
41.63,87.67,520.75,1,1
17.24,61.33,204.4,1,1
21.23,77.95,796.67,0,0
18.75,25.25,752.49,0,0
33.93,83.36,434.19,0,1
33.34,60.88,543.01,1,1
25.17,79.52,400.69,1,0
18.9,43.62,458.04,1,1
34.82,21.68,229.14,0,1
40.52,74.99,289.27,1,1
44.88,80.06,715.78,1,1
25.9,57.93,574.29,1,0
15.51,22.49,957.52,0,1
10.18,80.88,228.25,0,1
19.66,94.43,491.71,0,0
26.34,38.22,359.48,1,0
20.77,85.31,974.38,1,0
15.57,36.3,272.93,1,1
32.18,92.63,452.96,1,1
30.3,52,463,0,0
43.39,29.75,214.62,1,1
21.93,33.19,336.47,0,0
38.71,45.05,838.87,1,1
27.5,60,420,0,0
44.84,92.92,377.21,1,1
30.57,40.91,987.97,1,0
21.05,69.72,375.89,0,0
24.91,30.46,909.28,1,0
17.87,54.51,775.33,1,0
12.75,46.47,398.63,1,1
44.85,58.41,588.71,1,1
28.67,24.22,565.55,1,0
14.15,96.92,771.53,0,0
12.08,20.25,712.16,0,1
18.18,82.27,686.86,0,0
40.92,79.82,962.46,0,0
28.2,74,415,1,0
38.01,66.8,997.62,0,0
42.02,35.13,937.89,1,1
34.68,38.15,836.23,0,0
33.1,73.7,474,1,1
19.66,94.43,491.71,0,0
22.9,91.63,733.17,1,0
23.73,52.42,300.42,0,0
27.7,86.3,512,0,1
30.32,81.85,466.14,0,0
19.43,39.42,993.34,1,0
17.5,24.81,460.4,1,1
29.99,79.63,503.16,0,0
24.56,79.73,275.06,1,0
24.82,70.09,429.44,1,0
10.07,77.41,863.67,0,1
18.73,63.8,419.51,1,1
25.54,82.51,744.04,1,0
41.43,39.41,482.51,0,1
32.6,21.08,329.74,0,1
34.95,64.4,923.35,1,0
29.31,87.29,997.48,0,0
21.79,34.57,831.76,0,0
38.9,24.8,500.98,1,1
35.48,73.32,896.65,0,0
24.55,40.66,893.61,0,0
43.21,31.4,505.71,1,1
21.05,69.72,375.89,0,0
20.43,70.04,323.89,1,1
42.12,31.17,641.42,0,1
15.52,81.15,594.14,1,1
40.25,44.75,755.31,1,1
10.64,44.94,710.26,1,1
12.7,24.68,467.39,1,1
42.94,90.53,612.15,1,1
19.4,82.13,641.78,1,1
28.52,90.1,570,0,0
14.52,61.85,706.42,0,0
37.35,96.81,810.86,0,0
19.06,45.32,269.57,0,1
41.82,34.37,390.03,1,1
23.59,38.35,412.75,0,0
13.68,81.52,750.9,0,0
11.75,58.98,484.35,0,1
14.87,55.52,700.99,0,1
15.37,49.32,498.68,0,1
19.02,52.55,568.05,1,1
23.62,45.07,569.89,1,0
13.73,71.96,894.4,0,0
22.7,99.64,557.08,1,0
31,64.1,450,1,0
31.3,74.3,494,0,1
13.34,69.91,561.41,1,1
22.08,93.4,432.4,1,0
29.32,48.59,972.79,1,0
16.65,23.12,513.45,1,1
11.09,72.13,494.82,0,1
27.8,59.6,343,0,0
26.86,52.05,988.94,1,0
19.34,60.47,822.18,1,0
15.2,53.17,268.28,0,1
16.84,20.89,393.86,1,1
42.6,66.67,630.71,0,1
22.44,65.94,866.45,0,0
39.21,64.67,224.88,0,1
33,67.6,564,1,1
20.6,46.02,770.1,0,0
25.33,44.6,987.95,0,0
20.95,88.68,305.35,0,0
30.02,92.6,297.99,1,1
31.4,73.9,522,1,1
41.18,59.69,859.78,1,1
12.45,74.21,338.26,0,1
30.2,82.8,466,0,0
39.29,65.79,999.37,1,1
35.23,84.43,990.98,1,0
16.47,54.25,249.14,1,1
15.21,64.67,933.88,1,1
16.96,20.44,852.37,0,0
37.47,86.12,931.01,0,0
12.87,22.8,991.81,0,1
23.96,93.81,577.65,0,0
18.96,72.85,491.63,0,0
28.03,74.86,719.63,1,0
38.79,95.98,780.58,0,1
40.14,65.27,325.79,0,1
34.91,36.87,738.02,1,1
29.5,88.1,546,1,1
42.3,58.96,685,1,1
19.69,84.5,798.61,0,0
30.88,63.65,555.54,1,0
32.13,30.4,648.07,0,0
33.6,71.8,350,0,1
32.62,63.63,240.97,1,1
39.43,22.67,493.4,1,1
15.2,56.5,508.65,0,1
25.57,73.48,703.94,1,0
28.94,21.9,263.83,0,1
27.4,68.4,392,0,0
22.99,60.14,780.37,1,0
12.56,68.28,734.57,1,1
39.56,54.5,503.23,0,1
26.97,75.39,415.53,1,0
12.53,22.45,406.15,1,1
20.38,32.74,548.31,1,0
11.4,98.75,506.78,1,1
24.64,94.32,928.6,0,0
24.39,38.93,783.99,0,0
22.17,97.21,591.76,1,0
23.91,37.37,498.91,1,0
23.36,69.44,774.75,1,0
21.91,20.52,583.62,0,0
32,83.9,366,1,1
20.93,78.01,837.04,1,0
31.15,56.87,862.97,1,0
18.97,68.92,265.28,0,0
23.36,82.02,474.07,0,0
11.41,50.91,525.06,1,1
34.81,30.75,851.25,1,1
34.36,33.17,802.94,1,1
30.1,66.2,562,0,1
17.62,74.16,842.57,1,1
32.44,44.93,620.25,0,1
34.04,82.11,449.07,0,1
39.19,31.22,909.25,0,1
41.18,55.92,567.44,0,1
31.72,36.1,516.11,1,1
18.69,37.15,416.65,1,1
19.08,35.57,246.12,1,1
40.2,90.89,357.32,0,1
26.24,92.74,630.96,1,0
17.11,80.94,509.23,0,0
31.79,97.87,572.01,0,0
15.16,32.8,211.38,0,1
34.44,54.7,361.82,1,1
35.31,84.13,833.37,0,0
43.27,68.05,794.88,0,1
36.25,92.66,806.97,0,1
32.48,22.12,668.62,0,1
32.04,37.31,614.61,1,1
23.16,80.5,631.73,1,0
40.85,42.23,355.16,1,1
34.31,78.32,889.35,0,0
28.4,39.96,201.61,1,1
34.1,50,494,0,1
28.81,35.36,775.39,0,0
44.52,78.58,821.56,1,1
20.83,98.11,425.01,0,0
24.59,80.58,381.6,1,0
23.04,56.46,341.63,1,0
19.53,50.73,868.75,1,0
30.62,71.81,561.39,1,0
23.75,40.7,477.75,0,0
32.26,95.02,302.8,1,1
36.44,38.3,261.58,0,1
33.68,37.25,727.11,0,1
30.38,43.99,227.52,0,1
38.68,80.91,990.38,0,0
12.31,47.91,288.8,1,1
33.85,80.82,676.51,1,1
13.5,24.28,966.83,0,0
18,34,985.73,1,0
37.74,44.54,228.83,0,1
12.84,96.12,870.79,1,1
16.57,85.7,931.8,0,0
39.35,36.41,974.4,1,1
20.69,94.04,500.56,1,0
33.26,76.7,342.3,0,1
39.04,72.38,528.96,0,1
14.03,53.74,836.27,0,1
34.85,27.66,454.16,0,1
33.04,55.02,421.4,0,1
36.58,45.12,567.68,0,1
18.78,74.67,747.1,1,0
27.16,48.66,862.26,1,0
17.53,20.97,392.96,0,1
19.73,59.86,463.62,0,0
31.94,31.69,858.4,1,0
44.1,23.7,484.62,0,1
33.55,62.43,730.23,0,0
13.5,24.28,966.83,0,0
29.5,90.3,346,0,1
27.7,85.37,888.81,1,0
36.19,80.7,962.49,1,1
41.72,62.41,310.21,0,1
19.72,73.38,916.68,1,0
40.02,24.69,372.39,0,1
11.18,67.45,349.39,1,1
19.37,56.4,576.63,0,0
11.82,22.54,538.67,1,1
29.76,35.34,369.4,1,1
37.55,97.99,496.97,0,1
41.88,80.32,843.93,1,1
17.96,53.89,430.34,0,1
31.35,86.66,338.69,0,0
24.37,38.51,309.1,0,0
31.4,94.6,482,1,1
15.11,43.13,447.81,0,1
30.85,52.1,493.56,1,1
31.4,51.1,440,1,0
12.51,76.5,227.18,1,1
38.55,57.34,261.38,1,1
29.5,84,303,1,1
26.8,57,543,0,1
18.09,39.49,444.84,1,1
30.91,82.71,584.72,0,0
36.36,78.2,895.69,0,0
36.79,20,533.25,1,1
24.1,33.88,755.96,1,0
32.16,59.54,658.64,0,0
27.5,84,420,1,1
22.4,95.93,969.85,1,0
14.15,96.92,771.53,0,0
25.33,52.7,543.14,1,0
13.07,84.45,735.35,0,0
26.81,72.94,375.3,1,0
18.97,94.44,675.3,1,0
33.6,51.8,377,1,1
41.31,20.04,921.11,1,1
32.2,59.4,315,1,1
17.53,70.2,938.93,0,0
24.66,93.19,489.92,0,0
33.31,67.3,419.78,0,1
26.6,38.06,693.3,0,0
10.04,41.76,374.31,1,1
38.88,44.39,992.14,1,1
10.45,38.14,653.51,0,1
26.2,55.08,374.81,1,0
24.82,56.19,786.91,0,0
14.46,51.78,837.84,0,0
29.13,97.36,241.33,0,0
33.05,81.29,876.74,1,0
32.41,41.69,674.25,0,0
22.19,76.82,491.12,0,0
30,69.6,302,0,1
39.76,38.38,391.77,0,1
30.79,67.17,253.9,0,0
25.29,82.76,274.64,0,0
30.78,30.17,542.03,1,1
15.66,97.27,364.64,0,1
40.21,69.86,464.72,1,1
34.4,54.2,547,0,1
30,55.8,485,0,0
15.6,82.99,987.33,1,0
14.28,87.89,531.25,0,1
35.31,84.13,833.37,0,0
38.67,63.26,768.19,1,1
42.96,62.38,785.91,1,1
35.96,44.21,729.9,0,1
34.95,64.4,923.35,1,0
17.64,24.38,214.14,0,1
28.36,37.82,470.12,1,1
23.43,53.95,771.76,1,0
17.17,78.05,695.79,0,0
22.42,25.55,615.25,1,0
43.78,59.07,320.54,1,1
31.3,60.8,414,0,0
19.37,52.85,918.88,1,0
27.7,85.37,888.81,1,0
29.88,93.24,227.16,0,0
18.99,84.06,705.7,1,0
22.26,76.65,585.33,1,0
24.91,30.46,909.28,1,0
30.56,33.94,970.31,0,0
21.63,44.92,381.92,0,0
26.97,75.39,415.53,1,0
30.32,49.78,952.11,0,0
39.14,36.07,561.64,0,1
34.36,95.37,343.3,1,1
25.4,29.86,589.16,0,0
15.07,40.38,931.62,0,0
14.21,38.46,480.59,1,1
11.17,27.29,239.3,0,1
14.48,47.06,942.47,0,0
28.53,51.64,457.87,1,0
19.69,62.79,478.81,0,0
15.75,80.26,808.64,1,0
30,66,483,1,1
36.57,60.92,715.22,0,1
12.15,77.16,698.73,1,1
12.59,99.43,526.32,0,1
41.98,57.62,655.32,1,1
29.31,87.29,997.48,0,0
23.1,38.51,787.88,0,0
24.32,48.35,442.26,0,0
37.95,41.37,395.63,1,1
14.6,44.78,361.44,0,1
24.16,58.75,210.69,1,1
18.82,93.66,665.27,0,0
28.64,24.15,469.28,1,1
18.88,71.37,420.43,0,0
34.6,83.42,703.29,1,1
15.52,33.92,808.61,0,0
21.22,27.48,541.69,0,0
34.34,31.15,683.53,0,0
36.35,57.9,557.42,0,1
28.8,56.81,667.81,0,0
20.29,24.55,241.99,1,1
25.94,84.84,862.45,0,0
30.68,93.06,838.24,1,0
24.18,65.72,792.78,1,0
26.4,72.6,500,0,1
12.49,20.97,965.2,0,0
19.17,47.44,528.56,0,0
23.11,96.06,785.6,0,0
29.59,74.96,726.47,0,0
36.73,27.76,480.97,1,1
20.27,94.54,517.61,0,0
16.45,24.56,670.24,1,1
28.83,60.7,394.5,0,0
41.13,49.72,356.13,1,1
22.94,57.14,778.19,1,0
13.61,38.2,202.5,0,1
26.7,70,460,0,0
27.2,66,335,0,0
23.25,87.45,715.37,0,0
43.06,74.66,597.74,0,1
24.03,80.89,586.03,0,0
41.89,85.65,302.36,1,1
22.99,60.14,780.37,1,0
13.66,55.94,429.69,0,1
17.29,56.94,928.28,1,0
27.57,56.4,802.78,1,0
36.74,20.41,934.21,0,1
24.75,79.01,391.02,0,0
29.5,80.3,330,1,1
37.45,59.43,344.7,0,1
30.28,36.18,416.2,0,1
10.65,77.98,479.82,0,1
36.99,72.37,321.28,0,1
43.81,92.94,959.34,0,0
35.12,98.13,501.76,1,1
16.36,44.19,240.64,1,1
23.75,96.94,532.63,0,0
37.5,29.47,527.92,1,1
33,60,420,0,1
27.72,22.05,939.8,0,0
24.52,46.16,685.35,0,0
17.62,69.7,238.46,0,1
33.29,98.27,782.71,0,0
12.4,60.86,564.01,1,1
27.26,20.32,600.93,0,0
16.91,70.13,747.82,1,1
38.43,88.27,931.47,1,1
31.13,74.93,291.59,1,1
24.52,46.16,685.35,0,0
43.9,75.04,869.57,0,1
27.9,69.5,400,0,0
10.07,78.06,725.65,0,1
12.05,64.19,676.18,0,1
14.75,40.8,508.05,0,1
31.75,34.28,805.51,1,0
20.15,70.31,294.35,0,0
17.67,44.42,980.24,1,0
43.66,60.92,787.14,0,1
22.56,68.8,505.99,0,0
36.26,32.16,566.66,0,1
36.98,28.53,260.11,0,1
16.12,98.97,648.92,1,0
41.16,56.45,696.11,1,1
37.99,47.64,407.69,1,1
30.2,88.2,453,1,1
39.47,81.51,252.99,0,1
33.86,36.62,839.16,1,1
20.15,94.48,513.46,0,0
24.23,64.86,382.73,0,0
28.61,90.39,659.82,0,0
22.7,99.64,557.08,1,0
31.1,41.68,306.55,0,0
18.25,95.49,897,1,0
23.36,69.44,774.75,1,0
24.27,32.9,725.13,1,0
27.12,48.13,927.64,0,0
34.78,21.65,975.93,1,1
13.5,24.28,966.83,0,0
15.07,40.38,931.62,0,0
34,65,430,0,1
24.39,76.32,373.96,0,0
15.07,59.16,988.52,1,0
12.49,96.37,723.75,0,0
31.89,84.66,255.23,0,1
21.97,86.58,419.84,1,0
11.36,44.26,629.67,0,1
24.07,73.9,560.28,0,0
18.42,29.72,357.98,1,1
23.73,52.42,300.42,0,0
43.33,23.99,319.93,1,1
43.93,61.85,703.52,1,1
35.81,40.23,253.83,0,1
32.42,45.13,966.38,1,0
28.61,90.39,659.82,0,0
36.79,82.91,653.25,0,1
12.69,60.05,835.61,1,1
29.21,37.54,226.94,0,1
11.1,29.73,706.47,1,1
11.25,30.94,811.23,0,1
32.26,93.06,690.06,1,0
12.02,74.46,573.43,1,1
31.85,43.65,284.4,1,1
33.42,56.98,529.41,0,0
39.4,92,482.74,1,1
21.97,86.58,419.84,1,0
33.54,80.19,833.26,0,0
26.11,92.3,527.88,1,0
36.26,44.86,611.59,0,1
26.66,28.88,707.54,0,0
21.92,45.92,669.71,0,0
23.36,69.44,774.75,1,0
30.1,50.1,420,0,0
13.73,71.96,894.4,0,0
39.55,74.07,311.29,0,1
24.51,28.54,938.57,0,0
10.73,68.33,736.56,0,1
40.18,85.29,987.13,0,0
35.93,62.4,863.21,1,0
29.97,65.45,730.41,0,0
25.21,59.05,941.94,1,0
31.27,52.21,366.27,0,1
23.11,96.06,785.6,0,0
27.57,56.4,802.78,1,0
25.7,63.02,730.9,1,0
12.09,91.09,463.26,1,1
27.6,62,428,0,0
31.88,95.69,663.82,1,0
22.91,86.62,461.06,0,0
39.73,27.12,993.36,0,1
36.13,71.97,879.38,0,0
29.99,79.63,503.16,0,0
29.2,78.4,386,0,0
30,88.3,493,0,1
12.65,96.11,437.83,1,1
34.14,31.52,676.29,0,1
19.25,36.43,586.43,1,1
27.28,96.93,815.71,1,0
30.79,71.64,517.08,0,0
35.48,73.32,896.65,0,0
33.51,66.58,992.17,0,0
28.75,24.82,265.19,1,1
22.2,32.74,683.96,0,0
15.19,81.29,254.68,1,1
38.43,80.19,802.65,1,1
21.56,67.63,897.76,0,0
20,41.67,884.33,1,0
21.8,86.31,544.71,1,0
38.76,81.54,677.38,1,1
23.09,90.9,321.1,0,0
43.08,68.68,403.7,1,1
18.35,74.39,791.93,0,0
16.45,27.23,816.79,0,0
23.53,73,477.57,1,0
37.27,21.6,912.38,0,1
19.43,39.42,993.34,1,0
22.42,69.01,668.3,1,0
20.83,98.11,425.01,0,0
35.65,63.38,672.28,1,1
18.84,48.74,503.49,0,0
24.14,26.21,634.03,1,0
16.38,95.38,804.05,0,0
17.85,38.09,853.84,0,0
41.06,57.66,902.49,1,1
24.62,90.33,955.79,0,0
29.97,65.45,730.41,0,0
22.84,28.49,750.92,0,0
20.09,20.52,596.99,0,0
31.57,59.91,991.35,0,0
14.46,51.78,837.84,0,0
40.58,29.59,560.87,0,1
36.47,87.36,576.26,0,1
25.56,66.12,986.67,1,0
24.22,94.13,768.34,1,0
32.01,90.2,788.06,0,0
20.17,43.8,437.08,0,0
29.38,78.46,233.87,1,1
43.47,83.84,407.19,1,1
42.06,43.03,348.42,1,1
34.31,78.32,889.35,0,0
33.5,53.3,412,1,1
34.5,91.3,302,0,1
34.93,66.38,337.49,1,1
40.25,64.65,631.92,1,1
29.23,94.38,958.29,1,0
17.41,31.62,453.03,1,1
40.88,73.68,406.54,0,1
18.96,29.63,278.83,1,1
22.91,86.62,461.06,0,0
22.26,76.65,585.33,1,0
18.56,81.24,255.31,1,1
15.72,34.76,361.84,0,1
15.5,96.99,614.69,0,0
21.44,44.46,522.16,0,0
25.48,76.59,511.38,1,0
14.02,78.08,241.4,1,1
23.15,43.75,719.26,0,0
15.61,73.89,343.4,1,1
28,63.14,404.07,0,0
26.93,53.47,486.25,0,0
28.6,51.66,690.52,1,0
22.92,30.84,614.72,1,0
13.26,31.51,283.73,1,1
40.7,39.45,640.46,1,1
16.59,91.04,846.71,0,0
18,53.84,877.02,1,1
12.92,90.59,842.88,1,0
41.29,94.91,845.9,1,1
27.02,60.39,341.13,0,0
24.28,45.96,825.35,0,0
29,49.9,700.26,0,0
39.95,86.42,517.75,0,1
33.7,83.6,506,0,1
14.52,61.85,706.42,0,0
12.75,79.25,275.93,0,1
31.77,22,519.61,1,1
43.35,86.02,733.05,1,1
10.13,45.6,537.42,0,1
41.03,22.21,663.09,1,1
32.2,63.9,550,0,1
37.17,97.72,573.11,0,1
40.27,90.81,235.95,0,1
17.02,36.29,208.07,1,1
12.42,20.45,949.67,1,1
23.01,22.07,377.42,0,0
18.47,51.88,215.34,0,1
14.87,83.52,696.06,1,1
28.42,78.53,265.3,1,1
17.59,24.89,324.74,0,1
31.3,65.4,392,1,0
14.36,96.91,708.73,1,1
29.1,63.9,290,0,1
42.12,53.96,269.63,1,1
22.72,60.11,234.72,0,0
27.22,44.2,593.13,0,0
20.77,85.31,974.38,1,0
30.48,61.05,596.55,1,0
14.39,33.7,861.89,1,1
28.7,48.48,915.37,0,0
38.01,66.8,997.62,0,0
26.48,93.43,509.65,1,0
34,85.9,288,0,1
34.08,95.1,777.85,0,0
27.4,73.39,210.21,0,0
18.15,59.31,897.97,1,0
13.59,20.95,311.75,0,1
27.7,56.4,370,1,0
17.74,74.17,817.79,1,0
27.7,85.37,888.81,1,0
28.2,55.3,460,0,0
30.6,93.9,565,0,1
36.69,94.34,224.44,0,1
15.19,27.37,852.22,0,0
28,55.9,447,0,0
11.55,67.06,999.48,1,1
14.11,82.85,738.81,1,1
34.7,54.7,386,1,1
12.89,81.25,255.84,0,1
30.8,54,417,1,0
39.84,95.04,268.08,0,1
25.95,74.25,634.42,1,0
16.97,67.02,251.23,1,1
43.23,51.73,963.27,1,1
41.91,47.65,697.21,0,1
32.26,95.96,997.39,0,0
42.92,51.81,614.2,1,1
30.74,86.85,234.93,1,1
15.16,83.76,250.31,1,1
10.77,45.89,590.91,0,1
44.87,49.46,558.89,1,1
42.74,34.86,498.01,1,1
13.74,60.38,757.67,0,0
23.34,52.95,782.06,0,0
20.15,36.12,412.17,1,1
18.15,59.31,897.97,1,0
35.45,20.06,949.48,0,0
18.88,57.68,593.79,1,1
13.26,52.84,330.67,0,1
32.3,53.1,307,0,1
34.95,64.4,923.35,1,0
20.95,86.14,675.96,1,0
28.7,48.48,915.37,0,0
20.21,93.94,384.31,1,0
27,50.4,383,1,0
33.1,84.2,396,0,1
23.94,66.4,958.44,1,0
28.25,25.09,865.1,0,0
25.94,84.84,862.45,0,0
10.9,47.3,504.16,1,1
34.8,58,540,1,1
30.5,20.68,808.8,1,1
15.61,42.57,386.6,0,1
24.84,25.32,201.27,0,0
28.55,74.27,674.22,0,0
29.38,35.07,245,0,1
33.07,28.71,709.23,1,1
10.64,57.13,954.45,0,0
20.06,42.38,465.6,0,0
23.83,96.23,973.64,1,0
28.6,51.66,690.52,1,0
32.58,72.08,859.61,1,0
41.77,44.37,634.58,0,1
43.26,36.23,652.44,1,1
38.22,33.13,554.01,1,1
37.38,99.4,392.54,1,1
21.95,82.37,660.17,1,0
19.5,52.2,282.2,0,1
21.13,20.7,505.71,1,1
19.88,85.03,294.72,1,1
14.14,80.85,942,0,0
31.21,94.1,720.86,1,0
20.48,33.88,710.04,1,1
29.29,76.69,291.55,0,0
29.5,87,310,0,1
35.21,93.46,526.43,0,1
41.27,80.54,465.6,1,1
25.75,75.43,786.53,0,0
34,58,430,0,1
10.22,84.85,958.7,0,1
29.1,79.7,467,0,0
11.28,54.35,803.58,0,1
30.6,20.88,247.77,1,1
33.91,25.7,455.18,1,1
28.12,86.55,727.5,1,0
17.46,82.54,363,0,1
22.58,88.67,386.08,0,0
23.82,79.53,917.64,0,0
22.58,26.52,354.67,0,1
27.6,83,415,1,1
30.1,68.7,452,1,0
23.93,49.15,209.7,0,0
20.69,51.76,557.76,1,1
41.81,82.82,589.93,1,1
39.38,67.22,353.5,1,1
15.29,76.06,406.12,0,1
20.42,43.85,456.32,0,0
12.61,82.62,412.31,0,1
22.9,24.32,810.38,1,0
28.88,89.27,305.71,1,1
21.93,99.81,410.84,1,1
32.57,88.12,687.36,0,0
41.6,88.03,531.46,0,1
40.6,60.81,778.72,0,1
21.94,84.26,917.84,0,0
38.94,23.81,781.4,0,1
21.15,28.37,302.88,0,1
29.63,89.12,585.07,0,0
10.89,28.63,225.14,0,1
30.48,61.05,596.55,1,0
27.8,62,530,0,1
20.33,78.67,897.02,1,0
17.06,26.26,830.5,1,0
27.4,73,407,1,0
31.14,31.63,838.83,0,0
25.94,84.84,862.45,0,0
34.1,51.4,283,0,1
27.27,76.18,994.25,0,0
32.41,41.69,674.25,0,0
21.83,92.55,669.9,0,0
36.54,80.33,214.36,1,1
14.18,38.43,285.13,0,1
20,41.67,884.33,1,0
18.35,74.39,791.93,0,0
35.6,96.65,376.36,1,1
35.64,37.2,224.95,1,1
29,86,405,1,1
19.01,81.95,508.44,0,0
27.6,92.8,416,1,1
42.72,40.07,296.36,1,1
41.32,67.83,937.5,1,1
30.4,71.3,594,1,1
33.18,29.29,644.01,0,0
18.98,48.43,739.2,1,0
29.97,65.45,730.41,0,0
30,94.6,344,1,1
14.46,51.78,837.84,0,0
42.78,90.09,422.2,0,1
41.26,25,906.77,0,1
27.75,35.03,261.58,1,1
22.91,81.58,848.75,0,0
21.79,34.57,831.76,0,0
38.17,23.68,846.46,1,1
28.8,78,376,1,0
29.4,54,548,1,1
16.58,88.77,406.2,1,1
13.49,41.8,865.43,0,0
29.23,94.38,958.29,1,0
10.51,48.05,671.93,1,1
35.3,36.5,399.88,1,1
27.53,98.51,277.9,1,1
23.92,45.98,985.16,0,0
32.11,40.57,958.92,0,0
25.04,64.35,463,1,0
27.7,85.37,888.81,1,0
30.19,32.17,341.31,1,1
26.86,52.05,988.94,1,0
27.72,22.05,939.8,0,0
19.43,31.59,665.22,0,0
26.88,24.58,339.67,1,1
15.8,71.66,235.82,0,1
26.7,30.47,388.45,1,1
13.5,56.74,466.97,1,1
32.6,57.6,388,0,1
41.91,97.4,348.37,0,1
30.03,94.59,886.57,1,0
28,91.2,573,0,1
43.52,65.26,611.57,1,1
20.53,42.79,229.51,0,1
36.47,47.81,731.93,1,1
11.96,31.37,242.26,0,1
30.5,64.5,292,0,1
36.22,31.67,282.23,1,1
28.34,60.4,620.2,0,0
26.34,38.22,359.48,1,0
42.59,96.12,489.17,1,1
16.96,20.44,852.37,0,0
29.63,89.12,585.07,0,0
10.06,42.66,905.13,0,0
30.57,40.91,987.97,1,0
35.21,55.56,405.03,1,1
26.53,29.57,770.6,0,0
36,79.03,617.16,0,1
28.45,23.06,692.17,1,1
36.43,56.84,873.6,1,1
22.21,49.99,697.06,1,0
30,72.97,635.02,0,0
12.91,27.34,681.95,1,1
30.2,81.1,402,1,1
25.86,74.75,487.93,0,0
14.35,78.47,950.67,1,0
18.08,84.15,881.19,1,0
10.55,53.44,268.5,0,1
38.13,34.93,914.05,0,0
30.91,82.71,584.72,0,0
43.83,55.48,456.8,0,1
33.14,76.79,208.55,1,1
26.24,92.74,630.96,1,0
41.07,28.37,858.12,1,1
20.83,85.9,964.05,1,0
37.53,97.91,247.7,0,1
22.84,28.49,750.92,0,0
16.37,58.78,609.97,0,1
39.84,81.99,514.19,1,1
28,62,410,0,0
13.48,85.82,740.36,0,0
43.36,34.42,779.31,0,1
14.13,23.61,550.32,0,1
32.34,75.95,289.61,0,1
31.1,68.8,600,1,1
32.67,67.55,506.89,0,1
41.31,77.21,711.64,0,1
29.96,24.29,312.4,0,1
32.11,40.57,958.92,0,0
36.36,78.2,895.69,0,0
29.88,93.24,227.16,0,0
30.83,72.63,251.13,0,1
27.6,62.2,391,0,0
18.29,26.72,816.02,0,0
23.91,37.37,498.91,1,0
20.93,51.92,886.39,0,0
16.28,22.03,231.53,0,1
31.5,60.1,530,0,1
22.21,49.99,697.06,1,0
23.93,49.15,209.7,0,0
33.53,86.09,738.47,1,1
17.89,32.87,721.22,0,0
22.44,65.94,866.45,0,0
18.11,76.45,446.16,0,1
38.35,64.46,957.63,0,0
17.53,77.25,840.04,0,0
30.24,22.88,572.48,0,0
20.21,93.94,384.31,1,0
28.23,57.52,256.83,1,1
30.2,63.8,417,0,0
13.82,83.55,279.17,1,1
23.5,92.28,391.19,0,0
37.47,86.12,931.01,0,0
29.57,70.26,626.14,0,0
22.91,86.62,461.06,0,0
36.5,24.45,205.5,1,1
15.13,61.07,386.58,1,1
18.84,55.43,877.82,0,0
39.98,94.21,959.86,1,1
19.75,32.71,356.53,1,1
17.25,90.26,805.6,1,0
29.92,39.68,597.71,0,0
33.28,64.53,474.18,1,1
20.84,95.03,741.72,0,0
31.05,63.68,672.25,1,1
31.02,25,776.98,0,0
33.85,95.21,237.43,1,1
23.29,84.12,513.67,0,0
41.89,99.45,284.87,1,1
37.48,99.31,635.59,0,1
38.74,63.57,262.29,0,1
25.04,64.35,463,1,0
38.35,41.29,372.1,0,1
22.71,83.51,952.79,0,0
27.3,85.8,386,1,1
13.61,92.2,604.2,1,1
21.36,49.32,516.94,0,0
40.21,62.04,622.68,0,1
13.48,68.33,296.77,0,1
30.94,56.77,260.75,1,1
39.85,94.27,997.12,1,1
28.6,60.1,598,0,1
28.13,69.13,389.29,1,1
38.56,54.57,837.11,1,1
12.54,35.93,478.26,0,1
34.95,20.92,527.02,1,1
29.31,87.29,997.48,0,0
40.46,48.73,680.2,0,1
29.97,65.45,730.41,0,0
23.96,93.81,577.65,0,0
24,23.73,979,0,0
10.84,91.82,615.55,0,1
13.7,85.03,663.01,1,1
13.98,20.31,999.57,0,0
26.59,77.31,416.75,1,0
36.61,61.03,763.27,0,1
20.15,94.48,513.46,0,0
11.1,29.56,697.84,1,1
34.85,73.35,368.89,1,1
19.66,94.43,491.71,0,0
27.79,75.67,886.69,1,0
33.28,26.3,683,0,1
29.26,23.47,706.52,0,1
21.56,67.63,897.76,0,0
32.5,50.6,510,0,1
27.8,60.5,586,0,1
23.03,82.11,676.74,0,0
23.27,86.51,873.86,0,0
27.2,52.6,480,1,0
15.3,27.5,661.74,0,1
20.27,62.04,758.27,1,0
22.19,76.82,491.12,0,0
21.23,77.95,796.67,0,0
22.76,37.43,990.43,0,0
20.92,81.92,818.34,1,0
20.29,76.82,292.32,0,1
30.9,91.4,458,1,1
10.24,81.11,611.27,1,1
27.52,71.59,218.83,0,0
14.8,78.71,705.79,1,1
22.12,47.76,790,0,0
39.34,77.25,749.55,1,1
26.81,89.63,487.56,0,0
36.57,77.93,709.79,1,1
39.85,77.24,671.29,1,1
25.57,73.48,703.94,1,0
26.98,46.69,833.25,1,0
28.12,86.55,727.5,1,0
10.25,24.87,543.07,1,1
35.53,21.63,364.15,0,1
14.52,61.85,706.42,0,0
12.94,46.11,647.88,1,1
16.22,44.3,469.43,1,1
21.93,33.19,336.47,0,0
17.29,56.94,928.28,1,0
15.77,52.9,822.08,1,1
21.95,97.17,607.38,1,0
13.43,59.06,320.04,1,1
25.21,59.05,941.94,1,0
29,76.4,441,1,0
40.09,52.54,462.59,1,1
34.76,58.36,667.69,1,1
42.17,91.99,558.53,0,1
24.82,56.19,786.91,0,0
27.26,20.32,600.93,0,0
11.51,73.35,858.65,1,1
28.8,87.2,471.46,1,1
27.1,61.94,733.55,1,0
43.68,43.19,882.36,0,1
44.73,51.74,532.84,1,1
23.82,40.32,985.71,1,0
23.29,67.22,414.45,0,0
29.06,32.79,753,1,0
38.78,65.01,971.51,1,1
28.2,69.5,286,1,1
25.04,89.82,873.55,0,0
37.48,67.91,360.88,1,1
40.96,37.16,707.24,1,1
13.63,87.02,322.2,0,1
13.77,40.98,871.11,1,1
26.9,93.2,374,0,1
31.3,62.3,579,1,1
31.22,56.12,950.77,1,0
29.62,46.57,323.95,0,1
22.12,47.76,790,0,0
20.17,47.18,948.76,0,0
13.57,21.27,692.95,1,1
16.96,20.44,852.37,0,0
10.88,87.12,209.13,1,1
18.86,56.02,966.06,1,0
23.36,82.02,474.07,0,0
17.06,26.26,830.5,1,0
37.32,44.29,449.35,1,1
13.06,42.62,534.87,1,1
19.5,59.74,427.42,1,1
21.66,54.12,311.44,0,0
39.51,58.48,364.82,1,1
13.83,36.23,998.66,0,0
44.72,34.63,576.2,1,1
27.9,60.5,535,0,1
43.42,79.03,643.48,1,1
28.89,55.1,661.99,0,0
43.39,92.19,832.2,1,1
24.89,60.61,393.93,0,0
11.89,45.6,802.55,0,1
10.88,77.83,848.29,0,0
44.42,31.26,361.61,1,1
41.21,93.1,372.62,1,1
15.59,91.7,523.59,1,1
44.42,87.29,228.77,0,1
15.52,33.92,808.61,0,0
18.7,45.36,847.06,1,0
33.52,56.76,993.42,0,0
29.31,40.31,356.89,0,1
17.86,57.24,412.07,0,1
27.9,94.33,899.44,1,0
43.46,37.18,613.33,1,1
26.6,87,328,0,1
38.7,64.32,560.47,1,1
36.38,21.65,415.22,1,1
38.01,66.8,997.62,0,0
24.06,87.03,384.46,0,0
29.4,67.8,474,0,0
39.81,89.1,525.42,0,1
39.84,40.64,593.21,1,1
28.62,48.54,833.77,1,0
19.66,94.43,491.71,0,0
27.6,62.1,416,0,0
44.96,68.62,523.76,0,1
33.4,80.6,585,1,1
29.13,97.36,241.33,0,0
27.57,56.4,802.78,1,0
27.51,25.55,271.9,1,1
15.97,52.76,538.15,0,1
31.78,82.51,662.64,0,0
24.82,56.19,786.91,0,0
23.27,49.72,694.82,0,0
11.62,66.37,930.08,1,1
35.71,44.04,460.66,1,1
11.78,37.69,419.41,1,1
39.57,37.92,391.31,0,1
17.83,88.57,853.69,1,0
24.62,90.33,955.79,0,0
33.57,97.59,275.12,1,1
20.24,63.63,306.73,1,1
24.22,94.13,768.34,1,0
26.04,42.16,571.26,1,0
26.64,49.08,712.8,0,0
10.64,54.58,872.1,1,1
15.61,46.72,390.95,0,1
19.43,84.05,563.09,1,1
25.9,89.07,933.57,1,0
12.1,64.98,966.1,0,1
36.51,48.55,991.62,1,0
25.03,55.3,252.5,1,0
10.9,42.76,554.43,0,1
22.71,83.51,952.79,0,0
21.36,95.61,426.13,1,1
24.82,65.48,660.74,0,0
26.68,51.55,639.53,1,0
23.48,86.92,959.96,1,0
14.07,85.4,504.5,1,1
22.76,37.43,990.43,0,0
32.43,37.28,695.67,1,0
35.73,35.09,290.78,0,1
42.41,83.44,937.95,0,1
14.52,61.85,706.42,0,0
39.66,55.3,214.37,0,1
17.79,40.9,609.52,0,0
17.94,94.52,926.73,0,0
43.71,20.97,975.9,0,1
34.38,41.69,437.37,1,1
10.58,89.88,389.18,1,1
20.84,95.03,741.72,0,0
13.32,45.19,277.32,0,1
42.48,56.33,787.59,0,1
39.64,86.56,522.82,0,1
10.41,67.03,601.12,0,1
31.9,67.8,312,1,1
43.16,33.31,816.79,0,1
26.22,57.63,898.86,0,0
22.69,85.92,363.27,1,0
40.18,79.42,531.45,1,1
42.58,30.06,789.68,1,1
33.47,98.56,250.43,1,1
27.61,35.51,887.05,1,0
38.91,57.05,422.77,0,1
34.12,85.86,644.95,1,1
38.11,23.53,993.67,1,1
29.21,83.7,666.45,1,0
11.92,53.72,766.03,0,1
14.14,80.85,942,0,0
11.06,78.15,899.21,1,1
18.64,87.08,484.95,1,1
26.22,57.63,898.86,0,0
18.59,84.99,474.27,0,1
24.64,80.08,281.1,0,0
31.3,75.2,287,0,1
22.08,93.4,432.4,1,0
21.56,67.14,563.42,0,0
28.21,22.97,264.54,0,1
29.63,89.12,585.07,0,0
38.83,26.82,892.95,0,1
32.24,27.26,226.09,0,1
34.1,61.4,336,0,1
23.82,40.32,985.71,1,0
16.92,63.88,292.84,1,1
19.35,90.29,837.94,1,0
14.6,89.44,970.59,1,0
17.72,37.46,899.26,0,0
25.27,73.34,275.46,1,0
34.7,79.5,546,1,1
15.19,27.37,852.22,0,0
28.5,90,390,1,1
26.38,52.86,854.1,0,0
20.85,51.79,541.43,1,0
21.95,97.17,607.38,1,0
23.88,30.54,892.24,1,0
22.95,21.47,302.1,1,1
28.5,55.4,456,0,0
24.96,32.98,210.09,0,0
26.98,46.69,833.25,1,0
13.6,62.92,503.06,0,1
30.57,91.66,722.55,0,0
24.96,71.62,796.17,0,0
26.08,80.17,924.43,1,0
35.8,70.19,577.36,0,0
34.68,38.15,836.23,0,0
23.29,69.38,975.86,0,0
22.89,49.12,967.55,0,0
26.77,28.36,689.99,1,0
10.44,32.32,764.29,0,1
27.91,81.56,947.84,0,0
26.66,96.35,397.88,1,0
28,72,430,1,0
31.68,56.35,824.15,0,0
33.98,76.62,487.99,1,1
22.08,93.4,432.4,1,0
22.76,64.85,584.85,0,0
40.72,23.33,518.12,0,1
35.45,70.7,312.41,1,1
40.21,32.05,881.28,0,1
25.57,73.48,703.94,1,0
10.49,72.57,492.08,1,1
29,49.9,700.26,0,0
14.59,68.08,227.44,1,1
36.03,80.02,453.83,0,1
28,63.14,404.07,0,0
42.77,21.48,550.22,1,1
27,86.5,305,1,1
43.57,60.19,933.58,0,1
31,57,488,0,0
35.45,20.06,949.48,0,0
33.53,82.59,624.6,0,0
22.46,83.11,386.95,0,0
30.58,65.66,587.41,1,1
30.03,94.59,886.57,1,0
24.62,90.33,955.79,0,0
19.66,94.43,491.71,0,0
35.15,81.61,569.86,1,1
40.79,48.42,287.41,1,1
18.81,41.76,776.53,0,0
37.91,41.55,909.95,1,1
28.5,63.6,524,0,1
36.01,87.83,636.47,0,1
34.3,61.01,444.25,0,1
25.78,29.06,987.87,1,0
29.1,91.5,401,0,1
44.99,87.46,489.42,1,1
26.86,52.05,988.94,1,0
43.08,99.01,578.75,0,1
33.47,43.11,668.48,1,1
15.63,85.44,865.71,0,0
16.91,45.38,425.54,0,1
37.18,79.93,463.02,0,1
28.83,60.7,394.5,0,0
21.92,25.13,343.6,1,1
22.24,70.2,827.53,0,0
30.3,85.4,541,0,1
22.91,81.58,848.75,0,0
32.88,21.51,301.86,0,1
24.96,71.62,796.17,0,0
32.87,35.38,436.52,1,1
27.7,62.9,286,0,1
24.87,37.23,677.68,1,0
20.41,83.14,224.97,1,1
28.67,24.22,565.55,1,0
15.6,82.99,987.33,1,0
31.5,92.9,298,1,1
28.4,85,370,0,0
36.98,87.58,808.82,0,0
31.73,77.52,655.62,1,0
35.24,72.62,967.29,1,1
26.03,51.74,544.97,1,1
26.63,91.84,620.04,0,0
35.92,80.55,685.37,1,1
15.45,90.43,546.98,1,1
19.12,59.68,754.31,1,1
32.41,41.69,674.25,0,0
10.62,76.26,217.36,0,1
27.5,68.3,408,0,0
35.04,77.73,425.92,0,1
37.87,78.8,688.09,0,0
31.17,69.13,625.53,0,0
28.81,35.36,775.39,0,0
22.57,85.88,856.56,1,0
29.37,59.71,444.8,1,0
23.24,61.38,530.49,0,0
36.48,27.62,221.98,1,1
17.14,43.35,798.89,0,0
29.88,93.24,227.16,0,0
29.6,72.3,600,0,1
26.34,47.23,952.36,1,0
14.94,36.96,854.99,0,0
33.32,99.11,380.58,1,1
21.49,58.98,219.81,1,1
19.92,82.94,517.96,1,0
21.85,30.12,531.58,1,0
36.34,57.2,899.34,0,1
37.83,36.13,330.92,0,1
16.21,89.01,514.21,0,1
24.42,37.9,946.03,0,0
28.28,81.6,372.66,0,0
41.66,20.06,675.31,0,1
23.39,49.42,345.39,0,0
32.01,90.2,788.06,0,0
24.32,48.35,442.26,0,0
39.82,64.74,611.79,1,1
20.91,99.25,556.09,0,0
18.2,82.94,976.61,1,0
23.72,75.77,354.75,1,0
12.03,94.33,378.02,0,1
23.96,92.35,999.12,0,0
37.81,56.51,336.61,1,1
20.15,70.31,294.35,0,0
30.33,51.05,336.61,0,0
40.84,40.53,674.39,0,1
34.9,69.4,357,1,1
41.49,50.71,634.84,1,1
41.39,36.86,382.03,0,1
20.21,75.6,888.1,1,0
15.75,80.26,808.64,1,0
35.61,40.55,340.16,1,1
16.96,20.44,852.37,0,0
43,45.86,615.03,0,1
44.06,35.5,476.66,0,1
26.47,23.84,905.64,1,0
31.4,63.9,560,0,1
16.38,95.38,804.05,0,0
14.19,97.93,216.02,1,1
30,90.1,562,0,1
35,80.1,485,1,1
11.38,72.39,554.19,1,1
27.57,56.4,802.78,1,0
42.91,68.3,890.51,1,1
42.34,38.89,807.96,1,1
17.41,99.65,984.89,1,0
23.48,86.92,959.96,1,0
16.36,26.87,771.3,1,1
42.32,56.59,876.96,0,1
29,40.14,476.56,0,0
41.82,45.11,752.84,0,1
19.57,24.51,891.78,0,0
14.52,62.95,949.26,0,0
27.63,90.27,962.01,1,0
38.55,94.78,872.74,0,0
21.5,96.2,219.9,1,1
40.16,66.17,912.53,1,1
25.76,62.49,796.57,1,0
24.18,59.8,776.16,0,0
37.78,71.73,339.82,0,1
14.74,35.81,344.41,0,1
34.92,34.28,263.67,0,1
36.4,51.46,672.51,0,1
39.47,58.62,821.96,0,1
34.34,31.15,683.53,0,0
33.92,41,716.03,1,1
37.89,47.28,844.37,1,1
30.8,86.3,371,0,1
13.23,67.71,639.67,0,1
12.45,89.16,599.65,0,1
15.77,75.13,611.66,1,1
19.32,91.96,941.89,1,0
10.64,57.13,954.45,0,0
18.18,82.27,686.86,0,0
27.11,52.64,369.03,1,1
39.86,66.51,263.14,0,1
24.99,97.33,970.9,0,0
14.82,73.04,201.5,0,1
40.98,26.94,630.69,1,1
23.25,87.45,715.37,0,0
15.98,73.49,943.5,0,0
31.99,75.09,402.62,0,1
10.11,69.57,484.39,0,1
39.57,91.8,411.72,0,1
15.6,82.99,987.33,1,0
33.3,82.4,477,0,1
41.85,77.38,665.66,0,1
14.52,62.95,949.26,0,0
15.54,24.14,645.85,0,1
43.21,97.25,846.72,0,1
13.74,60.38,757.67,0,0
15.37,66.9,604.71,0,1
17.17,78.05,695.79,0,0
36.58,27.91,911.72,1,1
34.51,63.82,687.65,1,1
39.64,45.95,741.19,0,1
29.2,51.6,535,0,1
24.82,65.48,660.74,0,0
26.03,51.56,893.65,1,0
27.89,23.75,420.94,1,1
44.86,84.04,876.51,1,1
23.88,69.77,889.89,0,0
22.91,81.58,848.75,0,0
27.8,50.3,585,1,1
42.42,69.53,859.85,1,1
13.1,93.78,584.19,1,1
29.7,72.8,355,1,0
44.86,34.4,602.04,0,1
10.83,71.36,685.68,1,1
30.1,73.8,306,0,1
32.8,56.4,439,1,1
33.04,41.1,209.66,1,1
30.88,63.65,555.54,1,0
25.29,82.76,274.64,0,0
43.69,86.88,756.78,0,1
24.79,77.45,554.15,0,0
23.25,87.45,715.37,0,0
16.71,24.01,898.91,1,1
35.45,64.97,957.67,0,0
20.74,58.02,559.48,1,1
23.71,93.24,300.49,1,0
39.31,69.16,664.96,0,1
11.33,78.29,622.45,1,1
32.32,85.61,233.26,0,1
27.44,68.26,381.81,0,0
43.68,86.73,591.76,0,1
27.9,84.53,239.89,1,0
27.9,59.2,382,0,0
15.38,93.74,805.98,1,1
21.22,72.7,698.51,0,0
24.32,79.86,290.77,1,0
34.94,49.43,469.34,0,1
43.82,30.2,766.15,1,1
34.34,75.89,763.15,0,0
29.87,66.35,591.7,0,0
26.24,92.74,630.96,1,0
36.83,77.54,905.37,0,0
11.48,66.38,562.33,1,1
17.29,56.94,928.28,1,0
42.98,83.06,219.23,1,1
20,41.67,884.33,1,0
29.75,94.64,669.21,1,0
14.55,86.84,496.32,1,1
31.47,95.6,238.62,1,1
30.46,23.05,590.48,1,1
21.02,29.34,418.53,1,1
44.05,20.39,530.14,1,1
37.61,55.71,838.7,0,1
24.62,90.33,955.79,0,0
38.44,30.29,214.7,0,1
10.71,58.35,610.96,1,1
26.03,51.56,893.65,1,0
33.52,56.76,993.42,0,0
35.52,94.22,466.13,0,1
23.98,92.81,846.42,0,0
22.99,60.14,780.37,1,0
10.06,37.91,472.35,1,1
29.26,61.12,752.1,0,0
41.56,30.19,858.98,0,1
44.06,51.45,913.64,0,1
25.32,47.18,775.22,0,0
15.19,27.37,852.22,0,0
18.96,72.85,491.63,0,0
16.96,68.13,248.55,1,1
20.68,97.9,730.69,1,0
21.95,58.28,943.09,1,0
35.19,49.69,895.81,1,1
14.14,99.72,829.8,1,1
32.75,80.3,697.61,1,1
10.55,47.29,854.97,1,1
33.71,21.33,609.67,0,1
25.26,70.4,472.46,0,0
31.14,31.63,838.83,0,0
27.9,94.33,899.44,1,0
12.07,70.62,815.14,0,1
23.34,52.95,782.06,0,0
41.4,90.97,823.9,1,1
39.26,38.86,820.8,1,1
20.85,51.79,541.43,1,0
15.5,96.99,614.69,0,0
41.91,23.22,609.77,1,1
43.81,92.94,959.34,0,0
30.62,71.81,561.39,1,0
22.16,54.83,516.77,0,0
14.19,84.21,397.57,0,1
34.15,75.21,944.49,1,0
29.2,59.8,428,0,0
23.98,60.63,848.16,0,0
24.91,98.84,643.25,0,0
30.78,81.76,862.57,0,0
33.15,28.62,590.07,1,1
34.03,85.21,901.96,1,0
41.01,69.27,386.37,0,1
24.11,94.84,959.92,1,0
28.06,41.41,868.38,1,0
28.1,75.2,422,0,0
44.19,28.86,538.04,0,1
19.07,21.51,228.71,0,1
37.02,20.98,678.75,1,1
38.13,34.93,914.05,0,0
18.33,95.08,336.87,0,1
36.46,58.67,289.31,1,1
16.61,41.49,627.51,0,0
17.91,68.97,546.38,1,1
22.11,45.22,817.49,1,0
38.35,64.46,957.63,0,0
44.14,57.93,253.36,0,1
14.27,76.11,290.75,1,1
36.43,73.79,624.96,1,1
17.85,48.23,716.26,0,0
19.84,52.89,387.46,0,0
24.22,94.13,768.34,1,0
16.27,83.8,742.04,0,0
14.48,47.06,942.47,0,0
11.1,87.38,559.8,1,1
21.94,84.26,917.84,0,0
32.14,38.58,917.99,1,0
21.7,26.04,802.6,1,0
18.75,61.2,628.44,0,0
31.24,32.13,224.75,1,1
25.15,31.53,858.2,1,0
27.5,94.1,600,1,1
38.05,95.47,278.8,1,1
12.21,45.97,738.2,0,1
31.17,69.13,625.53,0,0
18.74,59.15,376.97,1,1
28.99,38.64,658.9,1,0
20.83,85.9,964.05,1,0
17.51,50.18,231.17,1,1
30,72.97,635.02,0,0
23.63,43.1,484.54,0,0
16.83,74.28,458.48,1,1
10.55,21.37,933.28,0,1
24.1,21.32,851.83,1,0
15.61,63.56,625.85,0,1
34.48,46.44,795.79,0,0
35.43,95.41,865.75,0,0
15.58,32.84,256.39,1,1
15.7,46.95,643.76,1,1
24.79,77.45,554.15,0,0
30.95,72.24,323.14,0,0
12.23,37.69,609.95,0,1
41.77,26.99,949.19,1,1
27.8,63,430,0,0
29.87,23.36,341.41,0,1
20.32,93.07,420.45,0,0
29.13,53.38,328.18,0,0
39.64,68.06,745.47,0,1
35.32,30.88,868.86,1,1
39.74,58.41,498.57,0,1
36.93,20.88,532.92,0,1
42.5,67.22,704.01,1,1
11.66,23.3,400.64,0,1
42.96,89.21,599.98,1,1
28.61,90.39,659.82,0,0
26.64,49.08,712.8,0,0
30.68,93.06,838.24,1,0
19.19,60.35,795.24,0,0
19.69,84.5,798.61,0,0
32.07,37.58,216.42,1,1
38.35,66.65,784.18,1,1
26.26,98.31,337.91,0,0
34.58,43.96,415.09,1,1
21.22,27.48,541.69,0,0
41.86,32.35,701.42,1,1
27.2,59.9,477,0,0
31.1,62.9,376,0,0
14.37,22.13,209.94,0,1
35.41,98.07,613.04,1,1
22.2,32.74,683.96,0,0
43.98,34.17,777.65,1,1
24.73,68.13,949.69,1,0
43.15,68.23,663.26,0,1
34.29,90.74,577.69,0,1
30.38,74.48,351.76,0,0
23.05,31.65,524.89,0,0
37.37,76.7,228.93,0,1
27.62,75.23,231.45,0,1
23.29,45.33,428.56,1,0
20.91,99.25,556.09,0,0
30.5,58.8,492,0,0
34.83,88.37,748.68,0,0
23.62,45.07,569.89,1,0
35.89,36.88,873.3,1,1
32.42,53.28,807.26,1,0
30.95,60.23,241.51,0,1
32.78,58.02,883.69,0,0
18.75,25.25,752.49,0,0
35.68,70,883.21,1,1
20.09,45.92,743.1,1,0
22.91,86.62,461.06,0,0
37.48,91.37,964.27,0,0
28.6,66.8,404,1,0
41.39,87.69,346.25,1,1
11.55,85.4,991.91,0,0
20.83,85.9,964.05,1,0
21.14,91.54,715.92,1,0
38.71,71.9,535.18,0,1
32.78,58.02,883.69,0,0
25.54,82.51,744.04,1,0
22.7,88.89,375.61,1,0
13.14,96.92,845.81,1,0
12.08,68.87,502.57,0,1
39.35,95.97,895.48,1,1
39.65,92.18,901.88,1,1
28.8,56.81,667.81,0,0
10.21,28.08,895.16,1,1
18.89,39.75,757.04,0,0
37.29,82.71,615.42,0,1
19.43,31.59,665.22,0,0
31.08,21.83,457.69,0,1
30.1,86.9,498,0,1
28.27,32.43,733.29,0,0
18.72,66.14,253.8,1,1
42.13,92.95,791.16,1,1
37.78,82.82,389.85,1,1
37.95,97.16,320.99,0,1
10.79,88.52,755.52,1,1
33.52,56.76,993.42,0,0
14.08,72.48,472.92,1,1
10.53,88.9,316.39,1,1
43.04,41.52,580.33,0,1
30,60,490,0,0
23.04,56.46,341.63,1,0
17.73,33.9,724.58,1,1
43.04,31.9,570.14,1,1
44.98,69.79,544.79,0,1
28.98,91.13,740.48,0,0
38.37,69.13,887.65,1,1
12.6,60.3,346.1,1,1
32.73,25.84,502.56,1,1
16.12,98.97,648.92,1,0
27.75,23.33,318.67,0,1
37.29,29.46,200.02,0,1
26.6,86.3,293,0,1
38.68,92.45,295.81,1,1
15.63,85.44,865.71,0,0
21.44,44.46,522.16,0,0
36.66,60.57,710.32,0,0
44.92,80.19,765.58,0,1
15.58,90.84,208.01,1,1
21.44,44.46,522.16,0,0
44.71,25.81,261.66,0,1
29.54,53.94,925.08,0,0
24.23,64.86,382.73,0,0
41.67,85.43,477.01,0,1
38.08,88.91,309.84,1,1
15.85,99.43,650.41,1,1
22.42,25.55,615.25,1,0
18.06,20.12,783.48,1,1
